run_id,sample_idx,stage,ms
20260721_202122_GpuCWT_c16384_f116,0,init:audio,109.9758
20260721_202122_GpuCWT_c16384_f116,0,init:dsp,355.4329
20260721_202122_GpuCWT_c16384_f116,0,init:renderer,59.0445
20260721_202122_GpuCWT_c16384_f116,0,init:prescan,148.9757
20260721_202122_GpuCWT_c16384_f116,0,init:prime,16.1773
20260721_202122_GpuCWT_c16384_f116,0,init:other,28.3239
20260721_202122_GpuCWT_c16384_f116,0,init:cuda,277.771
20260721_202122_GpuCWT_c16384_f116,0,init:audio_reader,0.14
20260721_202122_GpuCWT_c16384_f116,0,init:audio_player,109.8129
20260721_202122_GpuCWT_c16384_f116,0,init:dsp_kernels,87.4413
20260721_202122_GpuCWT_c16384_f116,0,init:dsp_fft,147.4823
20260721_202122_GpuCWT_c16384_f116,0,init:dsp_upload,120.2961
20260721_202122_GpuCWT_c16384_f116,0,init:render_buffer,0.0639
20260721_202122_GpuCWT_c16384_f116,0,init:render_glcontext,51.8218
20260721_202122_GpuCWT_c16384_f116,0,init:render_shader,7.1274
20260721_202122_GpuCWT_c16384_f116,1,init:audio,89.9624
20260721_202122_GpuCWT_c16384_f116,1,init:dsp,361.3067
20260721_202122_GpuCWT_c16384_f116,1,init:renderer,339.2128
20260721_202122_GpuCWT_c16384_f116,1,init:prescan,131.398
20260721_202122_GpuCWT_c16384_f116,1,init:prime,14.7527
20260721_202122_GpuCWT_c16384_f116,1,init:other,26.8573
20260721_202122_GpuCWT_c16384_f116,1,init:cuda,273.9805
20260721_202122_GpuCWT_c16384_f116,1,init:audio_reader,0.1716
20260721_202122_GpuCWT_c16384_f116,1,init:audio_player,89.7605
20260721_202122_GpuCWT_c16384_f116,1,init:dsp_kernels,90.0778
20260721_202122_GpuCWT_c16384_f116,1,init:dsp_fft,147.6128
20260721_202122_GpuCWT_c16384_f116,1,init:dsp_upload,123.4016
20260721_202122_GpuCWT_c16384_f116,1,init:render_buffer,0.0633
20260721_202122_GpuCWT_c16384_f116,1,init:render_glcontext,335.9068
20260721_202122_GpuCWT_c16384_f116,1,init:render_shader,3.2153
20260721_202122_GpuCWT_c16384_f116,2,init:audio,93.8139
20260721_202122_GpuCWT_c16384_f116,2,init:dsp,358.9036
20260721_202122_GpuCWT_c16384_f116,2,init:renderer,448.3795
20260721_202122_GpuCWT_c16384_f116,2,init:prescan,130.2456
20260721_202122_GpuCWT_c16384_f116,2,init:prime,15.1332
20260721_202122_GpuCWT_c16384_f116,2,init:other,27.316
20260721_202122_GpuCWT_c16384_f116,2,init:cuda,276.608
20260721_202122_GpuCWT_c16384_f116,2,init:audio_reader,0.1445
20260721_202122_GpuCWT_c16384_f116,2,init:audio_player,93.6433
20260721_202122_GpuCWT_c16384_f116,2,init:dsp_kernels,90.6369
20260721_202122_GpuCWT_c16384_f116,2,init:dsp_fft,146.5477
20260721_202122_GpuCWT_c16384_f116,2,init:dsp_upload,121.5033
20260721_202122_GpuCWT_c16384_f116,2,init:render_buffer,0.0637
20260721_202122_GpuCWT_c16384_f116,2,init:render_glcontext,445.0571
20260721_202122_GpuCWT_c16384_f116,2,init:render_shader,3.2341
20260721_202122_GpuCWT_c16384_f116,3,init:audio,54.939
20260721_202122_GpuCWT_c16384_f116,3,init:dsp,367.6645
20260721_202122_GpuCWT_c16384_f116,3,init:renderer,430.2187
20260721_202122_GpuCWT_c16384_f116,3,init:prescan,137.1469
20260721_202122_GpuCWT_c16384_f116,3,init:prime,14.6144
20260721_202122_GpuCWT_c16384_f116,3,init:other,27.1775
20260721_202122_GpuCWT_c16384_f116,3,init:cuda,280.9085
20260721_202122_GpuCWT_c16384_f116,3,init:audio_reader,0.1642
20260721_202122_GpuCWT_c16384_f116,3,init:audio_player,54.7333
20260721_202122_GpuCWT_c16384_f116,3,init:dsp_kernels,91.4278
20260721_202122_GpuCWT_c16384_f116,3,init:dsp_fft,149.6893
20260721_202122_GpuCWT_c16384_f116,3,init:dsp_upload,126.3297
20260721_202122_GpuCWT_c16384_f116,3,init:render_buffer,0.0616
20260721_202122_GpuCWT_c16384_f116,3,init:render_glcontext,426.9953
20260721_202122_GpuCWT_c16384_f116,3,init:render_shader,3.1334
20260721_202122_GpuCWT_c16384_f116,4,init:audio,42.8051
20260721_202122_GpuCWT_c16384_f116,4,init:dsp,332.5586
20260721_202122_GpuCWT_c16384_f116,4,init:renderer,561.7632
20260721_202122_GpuCWT_c16384_f116,4,init:prescan,126.3684
20260721_202122_GpuCWT_c16384_f116,4,init:prime,14.1678
20260721_202122_GpuCWT_c16384_f116,4,init:other,27.3529
20260721_202122_GpuCWT_c16384_f116,4,init:cuda,277.346
20260721_202122_GpuCWT_c16384_f116,4,init:audio_reader,0.1348
20260721_202122_GpuCWT_c16384_f116,4,init:audio_player,42.6436
20260721_202122_GpuCWT_c16384_f116,4,init:dsp_kernels,89.9659
20260721_202122_GpuCWT_c16384_f116,4,init:dsp_fft,144.2324
20260721_202122_GpuCWT_c16384_f116,4,init:dsp_upload,98.1527
20260721_202122_GpuCWT_c16384_f116,4,init:render_buffer,0.0615
20260721_202122_GpuCWT_c16384_f116,4,init:render_glcontext,555.2409
20260721_202122_GpuCWT_c16384_f116,4,init:render_shader,6.432
20260721_202122_GpuCWT_c16384_f116,5,init:audio,43.1156
20260721_202122_GpuCWT_c16384_f116,5,init:dsp,342.2634
20260721_202122_GpuCWT_c16384_f116,5,init:renderer,500.4273
20260721_202122_GpuCWT_c16384_f116,5,init:prescan,129.5014
20260721_202122_GpuCWT_c16384_f116,5,init:prime,14.0484
20260721_202122_GpuCWT_c16384_f116,5,init:other,27.8016
20260721_202122_GpuCWT_c16384_f116,5,init:cuda,274.8787
20260721_202122_GpuCWT_c16384_f116,5,init:audio_reader,0.1388
20260721_202122_GpuCWT_c16384_f116,5,init:audio_player,42.9526
20260721_202122_GpuCWT_c16384_f116,5,init:dsp_kernels,92.4338
20260721_202122_GpuCWT_c16384_f116,5,init:dsp_fft,149.8499
20260721_202122_GpuCWT_c16384_f116,5,init:dsp_upload,99.7583
20260721_202122_GpuCWT_c16384_f116,5,init:render_buffer,0.0657
20260721_202122_GpuCWT_c16384_f116,5,init:render_glcontext,495.2163
20260721_202122_GpuCWT_c16384_f116,5,init:render_shader,5.1158
20260721_202122_GpuCWT_c16384_f116,6,init:audio,44.4302
20260721_202122_GpuCWT_c16384_f116,6,init:dsp,332.0403
20260721_202122_GpuCWT_c16384_f116,6,init:renderer,511.4407
20260721_202122_GpuCWT_c16384_f116,6,init:prescan,126.6322
20260721_202122_GpuCWT_c16384_f116,6,init:prime,14.8734
20260721_202122_GpuCWT_c16384_f116,6,init:other,27.8265
20260721_202122_GpuCWT_c16384_f116,6,init:cuda,276.4414
20260721_202122_GpuCWT_c16384_f116,6,init:audio_reader,0.144
20260721_202122_GpuCWT_c16384_f116,6,init:audio_player,44.259
20260721_202122_GpuCWT_c16384_f116,6,init:dsp_kernels,87.3076
20260721_202122_GpuCWT_c16384_f116,6,init:dsp_fft,148.9755
20260721_202122_GpuCWT_c16384_f116,6,init:dsp_upload,95.5414
20260721_202122_GpuCWT_c16384_f116,6,init:render_buffer,0.0784
20260721_202122_GpuCWT_c16384_f116,6,init:render_glcontext,505.6255
20260721_202122_GpuCWT_c16384_f116,6,init:render_shader,5.7057
20260721_202122_GpuCWT_c16384_f116,7,init:audio,42.9962
20260721_202122_GpuCWT_c16384_f116,7,init:dsp,336.0965
20260721_202122_GpuCWT_c16384_f116,7,init:renderer,480.9278
20260721_202122_GpuCWT_c16384_f116,7,init:prescan,138.0764
20260721_202122_GpuCWT_c16384_f116,7,init:prime,14.5807
20260721_202122_GpuCWT_c16384_f116,7,init:other,27.7789
20260721_202122_GpuCWT_c16384_f116,7,init:cuda,275.4712
20260721_202122_GpuCWT_c16384_f116,7,init:audio_reader,0.1445
20260721_202122_GpuCWT_c16384_f116,7,init:audio_player,42.8281
20260721_202122_GpuCWT_c16384_f116,7,init:dsp_kernels,91.943
20260721_202122_GpuCWT_c16384_f116,7,init:dsp_fft,148.8214
20260721_202122_GpuCWT_c16384_f116,7,init:dsp_upload,95.01
20260721_202122_GpuCWT_c16384_f116,7,init:render_buffer,0.115
20260721_202122_GpuCWT_c16384_f116,7,init:render_glcontext,475.5253
20260721_202122_GpuCWT_c16384_f116,7,init:render_shader,5.2566
20260721_202122_GpuCWT_c16384_f116,8,init:audio,44.1375
20260721_202122_GpuCWT_c16384_f116,8,init:dsp,344.0714
20260721_202122_GpuCWT_c16384_f116,8,init:renderer,458.4828
20260721_202122_GpuCWT_c16384_f116,8,init:prescan,131.4232
20260721_202122_GpuCWT_c16384_f116,8,init:prime,14.764
20260721_202122_GpuCWT_c16384_f116,8,init:other,27.9661
20260721_202122_GpuCWT_c16384_f116,8,init:cuda,276.6502
20260721_202122_GpuCWT_c16384_f116,8,init:audio_reader,0.1777
20260721_202122_GpuCWT_c16384_f116,8,init:audio_player,43.9308
20260721_202122_GpuCWT_c16384_f116,8,init:dsp_kernels,88.3365
20260721_202122_GpuCWT_c16384_f116,8,init:dsp_fft,146.4462
20260721_202122_GpuCWT_c16384_f116,8,init:dsp_upload,109.0771
20260721_202122_GpuCWT_c16384_f116,8,init:render_buffer,0.0652
20260721_202122_GpuCWT_c16384_f116,8,init:render_glcontext,452.3149
20260721_202122_GpuCWT_c16384_f116,8,init:render_shader,6.0716
20260721_202122_GpuCWT_c16384_f116,9,init:audio,44.991
20260721_202122_GpuCWT_c16384_f116,9,init:dsp,337.6702
20260721_202122_GpuCWT_c16384_f116,9,init:renderer,530.7796
20260721_202122_GpuCWT_c16384_f116,9,init:prescan,131.3709
20260721_202122_GpuCWT_c16384_f116,9,init:prime,14.1544
20260721_202122_GpuCWT_c16384_f116,9,init:other,27.5414
20260721_202122_GpuCWT_c16384_f116,9,init:cuda,271.607
20260721_202122_GpuCWT_c16384_f116,9,init:audio_reader,0.1434
20260721_202122_GpuCWT_c16384_f116,9,init:audio_player,44.8267
20260721_202122_GpuCWT_c16384_f116,9,init:dsp_kernels,89.5892
20260721_202122_GpuCWT_c16384_f116,9,init:dsp_fft,147.0103
20260721_202122_GpuCWT_c16384_f116,9,init:dsp_upload,100.8537
20260721_202122_GpuCWT_c16384_f116,9,init:render_buffer,0.0651
20260721_202122_GpuCWT_c16384_f116,9,init:render_glcontext,524.9607
20260721_202122_GpuCWT_c16384_f116,9,init:render_shader,5.7244
20260721_202122_GpuCWT_c16384_f116,10,init:audio,44.184
20260721_202122_GpuCWT_c16384_f116,10,init:dsp,343.1173
20260721_202122_GpuCWT_c16384_f116,10,init:renderer,491.0749
20260721_202122_GpuCWT_c16384_f116,10,init:prescan,138.3978
20260721_202122_GpuCWT_c16384_f116,10,init:prime,14.5888
20260721_202122_GpuCWT_c16384_f116,10,init:other,27.0822
20260721_202122_GpuCWT_c16384_f116,10,init:cuda,281.0812
20260721_202122_GpuCWT_c16384_f116,10,init:audio_reader,0.1981
20260721_202122_GpuCWT_c16384_f116,10,init:audio_player,43.9598
20260721_202122_GpuCWT_c16384_f116,10,init:dsp_kernels,89.9442
20260721_202122_GpuCWT_c16384_f116,10,init:dsp_fft,146.6248
20260721_202122_GpuCWT_c16384_f116,10,init:dsp_upload,106.3285
20260721_202122_GpuCWT_c16384_f116,10,init:render_buffer,0.0599
20260721_202122_GpuCWT_c16384_f116,10,init:render_glcontext,485.232
20260721_202122_GpuCWT_c16384_f116,10,init:render_shader,5.7521
20260721_202122_GpuCWT_c16384_f116,11,init:audio,43.0749
20260721_202122_GpuCWT_c16384_f116,11,init:dsp,346.8643
20260721_202122_GpuCWT_c16384_f116,11,init:renderer,479.7691
20260721_202122_GpuCWT_c16384_f116,11,init:prescan,138.1876
20260721_202122_GpuCWT_c16384_f116,11,init:prime,15.3314
20260721_202122_GpuCWT_c16384_f116,11,init:other,28.1128
20260721_202122_GpuCWT_c16384_f116,11,init:cuda,276.6715
20260721_202122_GpuCWT_c16384_f116,11,init:audio_reader,0.1354
20260721_202122_GpuCWT_c16384_f116,11,init:audio_player,42.9126
20260721_202122_GpuCWT_c16384_f116,11,init:dsp_kernels,89.2619
20260721_202122_GpuCWT_c16384_f116,11,init:dsp_fft,148.7532
20260721_202122_GpuCWT_c16384_f116,11,init:dsp_upload,108.6193
20260721_202122_GpuCWT_c16384_f116,11,init:render_buffer,0.124
20260721_202122_GpuCWT_c16384_f116,11,init:render_glcontext,473.6334
20260721_202122_GpuCWT_c16384_f116,11,init:render_shader,5.9808
20260825_212910_GpuCWT_c16384_f116,0,init:audio,90.862
20260825_212910_GpuCWT_c16384_f116,0,init:dsp,376.772
20260825_212910_GpuCWT_c16384_f116,0,init:renderer,77.4187
20260825_212910_GpuCWT_c16384_f116,0,init:prescan,131.5279
20260825_212910_GpuCWT_c16384_f116,0,init:prime,14.7857
20260825_212910_GpuCWT_c16384_f116,0,init:other,29.4441
20260825_212910_GpuCWT_c16384_f116,0,init:cuda,279.6146
20260825_212910_GpuCWT_c16384_f116,0,init:audio_reader,0.1417
20260825_212910_GpuCWT_c16384_f116,0,init:audio_player,90.6914
20260825_212910_GpuCWT_c16384_f116,0,init:dsp_kernels,90.6012
20260825_212910_GpuCWT_c16384_f116,0,init:dsp_fft,146.3784
20260825_212910_GpuCWT_c16384_f116,0,init:dsp_upload,139.5856
20260825_212910_GpuCWT_c16384_f116,0,init:render_buffer,0.1809
20260825_212910_GpuCWT_c16384_f116,0,init:render_glcontext,69.5133
20260825_212910_GpuCWT_c16384_f116,0,init:render_shader,7.6952
20260825_212910_GpuCWT_c16384_f116,1,init:audio,90.4874
20260825_212910_GpuCWT_c16384_f116,1,init:dsp,346.8261
20260825_212910_GpuCWT_c16384_f116,1,init:renderer,63.4721
20260825_212910_GpuCWT_c16384_f116,1,init:prescan,139.2103
20260825_212910_GpuCWT_c16384_f116,1,init:prime,14.042
20260825_212910_GpuCWT_c16384_f116,1,init:other,28.296
20260825_212910_GpuCWT_c16384_f116,1,init:cuda,280.1452
20260825_212910_GpuCWT_c16384_f116,1,init:audio_reader,0.1649
20260825_212910_GpuCWT_c16384_f116,1,init:audio_player,90.3028
20260825_212910_GpuCWT_c16384_f116,1,init:dsp_kernels,88.7124
20260825_212910_GpuCWT_c16384_f116,1,init:dsp_fft,145.655
20260825_212910_GpuCWT_c16384_f116,1,init:dsp_upload,112.2442
20260825_212910_GpuCWT_c16384_f116,1,init:render_buffer,0.094
20260825_212910_GpuCWT_c16384_f116,1,init:render_glcontext,57.3137
20260825_212910_GpuCWT_c16384_f116,1,init:render_shader,6.0295
20260825_212910_GpuCWT_c16384_f116,2,init:audio,90.1443
20260825_212910_GpuCWT_c16384_f116,2,init:dsp,341.8526
20260825_212910_GpuCWT_c16384_f116,2,init:renderer,55.3123
20260825_212910_GpuCWT_c16384_f116,2,init:prescan,127.7932
20260825_212910_GpuCWT_c16384_f116,2,init:prime,14.2441
20260825_212910_GpuCWT_c16384_f116,2,init:other,27.2412
20260825_212910_GpuCWT_c16384_f116,2,init:cuda,278.601
20260825_212910_GpuCWT_c16384_f116,2,init:audio_reader,0.1387
20260825_212910_GpuCWT_c16384_f116,2,init:audio_player,89.9878
20260825_212910_GpuCWT_c16384_f116,2,init:dsp_kernels,92.421
20260825_212910_GpuCWT_c16384_f116,2,init:dsp_fft,145.7858
20260825_212910_GpuCWT_c16384_f116,2,init:dsp_upload,103.4386
20260825_212910_GpuCWT_c16384_f116,2,init:render_buffer,0.0753
20260825_212910_GpuCWT_c16384_f116,2,init:render_glcontext,51.6234
20260825_212910_GpuCWT_c16384_f116,2,init:render_shader,3.5856
20260825_212910_GpuCWT_c16384_f116,3,init:audio,30.1352
20260825_212910_GpuCWT_c16384_f116,3,init:dsp,367.7149
20260825_212910_GpuCWT_c16384_f116,3,init:renderer,62.7778
20260825_212910_GpuCWT_c16384_f116,3,init:prescan,139.0801
20260825_212910_GpuCWT_c16384_f116,3,init:prime,14.4804
20260825_212910_GpuCWT_c16384_f116,3,init:other,28.9582
20260825_212910_GpuCWT_c16384_f116,3,init:cuda,284.2237
20260825_212910_GpuCWT_c16384_f116,3,init:audio_reader,0.1426
20260825_212910_GpuCWT_c16384_f116,3,init:audio_player,29.9726
20260825_212910_GpuCWT_c16384_f116,3,init:dsp_kernels,90.7553
20260825_212910_GpuCWT_c16384_f116,3,init:dsp_fft,160.0821
20260825_212910_GpuCWT_c16384_f116,3,init:dsp_upload,116.6537
20260825_212910_GpuCWT_c16384_f116,3,init:render_buffer,0.126
20260825_212910_GpuCWT_c16384_f116,3,init:render_glcontext,57.5693
20260825_212910_GpuCWT_c16384_f116,3,init:render_shader,5.0475
20260825_212910_GpuCWT_c16384_f116,4,init:audio,56.7469
20260825_212910_GpuCWT_c16384_f116,4,init:dsp,339.1616
20260825_212910_GpuCWT_c16384_f116,4,init:renderer,63.1337
20260825_212910_GpuCWT_c16384_f116,4,init:prescan,137.1142
20260825_212910_GpuCWT_c16384_f116,4,init:prime,14.2603
20260825_212910_GpuCWT_c16384_f116,4,init:other,27.4951
20260825_212910_GpuCWT_c16384_f116,4,init:cuda,272.6778
20260825_212910_GpuCWT_c16384_f116,4,init:audio_reader,0.1374
20260825_212910_GpuCWT_c16384_f116,4,init:audio_player,56.5914
20260825_212910_GpuCWT_c16384_f116,4,init:dsp_kernels,87.8328
20260825_212910_GpuCWT_c16384_f116,4,init:dsp_fft,152.4254
20260825_212910_GpuCWT_c16384_f116,4,init:dsp_upload,98.6946
20260825_212910_GpuCWT_c16384_f116,4,init:render_buffer,0.0789
20260825_212910_GpuCWT_c16384_f116,4,init:render_glcontext,56.4429
20260825_212910_GpuCWT_c16384_f116,4,init:render_shader,6.583
20260825_212910_GpuCWT_c16384_f116,5,init:audio,57.3346
20260825_212910_GpuCWT_c16384_f116,5,init:dsp,351.0402
20260825_212910_GpuCWT_c16384_f116,5,init:renderer,64.9528
20260825_212910_GpuCWT_c16384_f116,5,init:prescan,139.6431
20260825_212910_GpuCWT_c16384_f116,5,init:prime,14.0657
20260825_212910_GpuCWT_c16384_f116,5,init:other,27.9062
20260825_212910_GpuCWT_c16384_f116,5,init:cuda,277.2027
20260825_212910_GpuCWT_c16384_f116,5,init:audio_reader,0.1397
20260825_212910_GpuCWT_c16384_f116,5,init:audio_player,57.1758
20260825_212910_GpuCWT_c16384_f116,5,init:dsp_kernels,90.7162
20260825_212910_GpuCWT_c16384_f116,5,init:dsp_fft,153.5145
20260825_212910_GpuCWT_c16384_f116,5,init:dsp_upload,106.6042
20260825_212910_GpuCWT_c16384_f116,5,init:render_buffer,0.0798
20260825_212910_GpuCWT_c16384_f116,5,init:render_glcontext,57.4574
20260825_212910_GpuCWT_c16384_f116,5,init:render_shader,7.3846
20260825_212910_GpuCWT_c16384_f116,6,init:audio,56.8938
20260825_212910_GpuCWT_c16384_f116,6,init:dsp,329.5128
20260825_212910_GpuCWT_c16384_f116,6,init:renderer,54.6435
20260825_212910_GpuCWT_c16384_f116,6,init:prescan,143.3505
20260825_212910_GpuCWT_c16384_f116,6,init:prime,14.6538
20260825_212910_GpuCWT_c16384_f116,6,init:other,26.9587
20260825_212910_GpuCWT_c16384_f116,6,init:cuda,272.1007
20260825_212910_GpuCWT_c16384_f116,6,init:audio_reader,0.1349
20260825_212910_GpuCWT_c16384_f116,6,init:audio_player,56.7426
20260825_212910_GpuCWT_c16384_f116,6,init:dsp_kernels,88.0299
20260825_212910_GpuCWT_c16384_f116,6,init:dsp_fft,144.0989
20260825_212910_GpuCWT_c16384_f116,6,init:dsp_upload,97.1804
20260825_212910_GpuCWT_c16384_f116,6,init:render_buffer,0.0708
20260825_212910_GpuCWT_c16384_f116,6,init:render_glcontext,50.4593
20260825_212910_GpuCWT_c16384_f116,6,init:render_shader,4.0859
20260825_212910_GpuCWT_c16384_f116,7,init:audio,57.4153
20260825_212910_GpuCWT_c16384_f116,7,init:dsp,328.5719
20260825_212910_GpuCWT_c16384_f116,7,init:renderer,55.4737
20260825_212910_GpuCWT_c16384_f116,7,init:prescan,127.5651
20260825_212910_GpuCWT_c16384_f116,7,init:prime,15.7737
20260825_212910_GpuCWT_c16384_f116,7,init:other,27.6123
20260825_212910_GpuCWT_c16384_f116,7,init:cuda,271.2303
20260825_212910_GpuCWT_c16384_f116,7,init:audio_reader,0.1316
20260825_212910_GpuCWT_c16384_f116,7,init:audio_player,57.2581
20260825_212910_GpuCWT_c16384_f116,7,init:dsp_kernels,89.6911
20260825_212910_GpuCWT_c16384_f116,7,init:dsp_fft,145.4847
20260825_212910_GpuCWT_c16384_f116,7,init:dsp_upload,93.1835
20260825_212910_GpuCWT_c16384_f116,7,init:render_buffer,0.1108
20260825_212910_GpuCWT_c16384_f116,7,init:render_glcontext,51.3169
20260825_212910_GpuCWT_c16384_f116,7,init:render_shader,4.0149
20260825_212910_GpuCWT_c16384_f116,8,init:audio,84.1377
20260825_212910_GpuCWT_c16384_f116,8,init:dsp,335.7464
20260825_212910_GpuCWT_c16384_f116,8,init:renderer,56.8667
20260825_212910_GpuCWT_c16384_f116,8,init:prescan,128.2766
20260825_212910_GpuCWT_c16384_f116,8,init:prime,14.2645
20260825_212910_GpuCWT_c16384_f116,8,init:other,27.8704
20260825_212910_GpuCWT_c16384_f116,8,init:cuda,280.126
20260825_212910_GpuCWT_c16384_f116,8,init:audio_reader,0.1428
20260825_212910_GpuCWT_c16384_f116,8,init:audio_player,83.976
20260825_212910_GpuCWT_c16384_f116,8,init:dsp_kernels,90.0062
20260825_212910_GpuCWT_c16384_f116,8,init:dsp_fft,147.5809
20260825_212910_GpuCWT_c16384_f116,8,init:dsp_upload,97.9505
20260825_212910_GpuCWT_c16384_f116,8,init:render_buffer,0.079
20260825_212910_GpuCWT_c16384_f116,8,init:render_glcontext,52.3358
20260825_212910_GpuCWT_c16384_f116,8,init:render_shader,4.4213
20260825_212910_GpuCWT_c16384_f116,9,init:audio,91.4699
20260825_212910_GpuCWT_c16384_f116,9,init:dsp,339.4169
20260825_212910_GpuCWT_c16384_f116,9,init:renderer,57.9343
20260825_212910_GpuCWT_c16384_f116,9,init:prescan,136.208
20260825_212910_GpuCWT_c16384_f116,9,init:prime,14.4081
20260825_212910_GpuCWT_c16384_f116,9,init:other,27.2508
20260825_212910_GpuCWT_c16384_f116,9,init:cuda,276.4271
20260825_212910_GpuCWT_c16384_f116,9,init:audio_reader,0.132
20260825_212910_GpuCWT_c16384_f116,9,init:audio_player,91.3209
20260825_212910_GpuCWT_c16384_f116,9,init:dsp_kernels,89.7814
20260825_212910_GpuCWT_c16384_f116,9,init:dsp_fft,145.5427
20260825_212910_GpuCWT_c16384_f116,9,init:dsp_upload,103.8524
20260825_212910_GpuCWT_c16384_f116,9,init:render_buffer,0.0763
20260825_212910_GpuCWT_c16384_f116,9,init:render_glcontext,52.3065
20260825_212910_GpuCWT_c16384_f116,9,init:render_shader,5.5016
20260825_212910_GpuCWT_c16384_f116,10,init:audio,90.2729
20260825_212910_GpuCWT_c16384_f116,10,init:dsp,346.9748
20260825_212910_GpuCWT_c16384_f116,10,init:renderer,58.4476
20260825_212910_GpuCWT_c16384_f116,10,init:prescan,132.3163
20260825_212910_GpuCWT_c16384_f116,10,init:prime,14.0422
20260825_212910_GpuCWT_c16384_f116,10,init:other,27.5939
20260825_212910_GpuCWT_c16384_f116,10,init:cuda,277.9354
20260825_212910_GpuCWT_c16384_f116,10,init:audio_reader,0.1469
20260825_212910_GpuCWT_c16384_f116,10,init:audio_player,90.1061
20260825_212910_GpuCWT_c16384_f116,10,init:dsp_kernels,89.4491
20260825_212910_GpuCWT_c16384_f116,10,init:dsp_fft,143.9948
20260825_212910_GpuCWT_c16384_f116,10,init:dsp_upload,113.3194
20260825_212910_GpuCWT_c16384_f116,10,init:render_buffer,0.0748
20260825_212910_GpuCWT_c16384_f116,10,init:render_glcontext,52.7768
20260825_212910_GpuCWT_c16384_f116,10,init:render_shader,5.5666
20260825_212910_GpuCWT_c16384_f116,11,init:audio,89.0786
20260825_212910_GpuCWT_c16384_f116,11,init:dsp,342.6735
20260825_212910_GpuCWT_c16384_f116,11,init:renderer,57.4997
20260825_212910_GpuCWT_c16384_f116,11,init:prescan,127.7261
20260825_212910_GpuCWT_c16384_f116,11,init:prime,13.9671
20260825_212910_GpuCWT_c16384_f116,11,init:other,28.2574
20260825_212910_GpuCWT_c16384_f116,11,init:cuda,280.3754
20260825_212910_GpuCWT_c16384_f116,11,init:audio_reader,0.1376
20260825_212910_GpuCWT_c16384_f116,11,init:audio_player,88.9214
20260825_212910_GpuCWT_c16384_f116,11,init:dsp_kernels,89.2284
20260825_212910_GpuCWT_c16384_f116,11,init:dsp_fft,144.9846
20260825_212910_GpuCWT_c16384_f116,11,init:dsp_upload,108.2516
20260825_212910_GpuCWT_c16384_f116,11,init:render_buffer,0.074
20260825_212910_GpuCWT_c16384_f116,11,init:render_glcontext,51.3368
20260825_212910_GpuCWT_c16384_f116,11,init:render_shader,6.0602
20260825_213436_GpuCWT_c16384_f116,0,init:audio,88.629
20260825_213436_GpuCWT_c16384_f116,0,init:dsp,228.4344
20260825_213436_GpuCWT_c16384_f116,0,init:renderer,80.3472
20260825_213436_GpuCWT_c16384_f116,0,init:prescan,108.4918
20260825_213436_GpuCWT_c16384_f116,0,init:prime,11.9668
20260825_213436_GpuCWT_c16384_f116,0,init:other,28.9384
20260825_213436_GpuCWT_c16384_f116,0,init:cuda,265.4341
20260825_213436_GpuCWT_c16384_f116,0,init:audio_reader,0.1411
20260825_213436_GpuCWT_c16384_f116,0,init:audio_player,88.4717
20260825_213436_GpuCWT_c16384_f116,0,init:dsp_kernels,86.9445
20260825_213436_GpuCWT_c16384_f116,0,init:dsp_fft,20.8469
20260825_213436_GpuCWT_c16384_f116,0,init:dsp_upload,120.4287
20260825_213436_GpuCWT_c16384_f116,0,init:render_buffer,0.3049
20260825_213436_GpuCWT_c16384_f116,0,init:render_glcontext,72.4634
20260825_213436_GpuCWT_c16384_f116,0,init:render_shader,7.5412
20260825_213436_GpuCWT_c16384_f116,1,init:audio,29.7105
20260825_213436_GpuCWT_c16384_f116,1,init:dsp,208.8933
20260825_213436_GpuCWT_c16384_f116,1,init:renderer,54.3786
20260825_213436_GpuCWT_c16384_f116,1,init:prescan,97.2926
20260825_213436_GpuCWT_c16384_f116,1,init:prime,11.5983
20260825_213436_GpuCWT_c16384_f116,1,init:other,27.4056
20260825_213436_GpuCWT_c16384_f116,1,init:cuda,275.5515
20260825_213436_GpuCWT_c16384_f116,1,init:audio_reader,0.1312
20260825_213436_GpuCWT_c16384_f116,1,init:audio_player,29.5631
20260825_213436_GpuCWT_c16384_f116,1,init:dsp_kernels,90.3591
20260825_213436_GpuCWT_c16384_f116,1,init:dsp_fft,20.3374
20260825_213436_GpuCWT_c16384_f116,1,init:dsp_upload,98.0105
20260825_213436_GpuCWT_c16384_f116,1,init:render_buffer,0.0721
20260825_213436_GpuCWT_c16384_f116,1,init:render_glcontext,50.862
20260825_213436_GpuCWT_c16384_f116,1,init:render_shader,3.4164
20260825_213436_GpuCWT_c16384_f116,2,init:audio,89.1046
20260825_213436_GpuCWT_c16384_f116,2,init:dsp,209.3108
20260825_213436_GpuCWT_c16384_f116,2,init:renderer,63.8212
20260825_213436_GpuCWT_c16384_f116,2,init:prescan,103.7677
20260825_213436_GpuCWT_c16384_f116,2,init:prime,13.0798
20260825_213436_GpuCWT_c16384_f116,2,init:other,26.9417
20260825_213436_GpuCWT_c16384_f116,2,init:cuda,270.5912
20260825_213436_GpuCWT_c16384_f116,2,init:audio_reader,0.138
20260825_213436_GpuCWT_c16384_f116,2,init:audio_player,88.9481
20260825_213436_GpuCWT_c16384_f116,2,init:dsp_kernels,89.149
20260825_213436_GpuCWT_c16384_f116,2,init:dsp_fft,20.3396
20260825_213436_GpuCWT_c16384_f116,2,init:dsp_upload,99.6287
20260825_213436_GpuCWT_c16384_f116,2,init:render_buffer,0.0689
20260825_213436_GpuCWT_c16384_f116,2,init:render_glcontext,56.3561
20260825_213436_GpuCWT_c16384_f116,2,init:render_shader,7.3699
20260825_213436_GpuCWT_c16384_f116,3,init:audio,89.7367
20260825_213436_GpuCWT_c16384_f116,3,init:dsp,209.6791
20260825_213436_GpuCWT_c16384_f116,3,init:renderer,55.7102
20260825_213436_GpuCWT_c16384_f116,3,init:prescan,104.1181
20260825_213436_GpuCWT_c16384_f116,3,init:prime,11.2471
20260825_213436_GpuCWT_c16384_f116,3,init:other,27.4135
20260825_213436_GpuCWT_c16384_f116,3,init:cuda,280.1427
20260825_213436_GpuCWT_c16384_f116,3,init:audio_reader,0.1385
20260825_213436_GpuCWT_c16384_f116,3,init:audio_player,89.5813
20260825_213436_GpuCWT_c16384_f116,3,init:dsp_kernels,92.3555
20260825_213436_GpuCWT_c16384_f116,3,init:dsp_fft,19.7698
20260825_213436_GpuCWT_c16384_f116,3,init:dsp_upload,97.3508
20260825_213436_GpuCWT_c16384_f116,3,init:render_buffer,0.0741
20260825_213436_GpuCWT_c16384_f116,3,init:render_glcontext,50.4762
20260825_213436_GpuCWT_c16384_f116,3,init:render_shader,5.1287
20260825_213436_GpuCWT_c16384_f116,4,init:audio,29.5364
20260825_213436_GpuCWT_c16384_f116,4,init:dsp,220.1131
20260825_213436_GpuCWT_c16384_f116,4,init:renderer,82.6839
20260825_213436_GpuCWT_c16384_f116,4,init:prescan,101.6903
20260825_213436_GpuCWT_c16384_f116,4,init:prime,12.5313
20260825_213436_GpuCWT_c16384_f116,4,init:other,29.3067
20260825_213436_GpuCWT_c16384_f116,4,init:cuda,221.1197
20260825_213436_GpuCWT_c16384_f116,4,init:audio_reader,0.1559
20260825_213436_GpuCWT_c16384_f116,4,init:audio_player,29.3621
20260825_213436_GpuCWT_c16384_f116,4,init:dsp_kernels,86.7819
20260825_213436_GpuCWT_c16384_f116,4,init:dsp_fft,19.7173
20260825_213436_GpuCWT_c16384_f116,4,init:dsp_upload,113.4178
20260825_213436_GpuCWT_c16384_f116,4,init:render_buffer,0.1823
20260825_213436_GpuCWT_c16384_f116,4,init:render_glcontext,74.8943
20260825_213436_GpuCWT_c16384_f116,4,init:render_shader,7.5771
20260825_213436_GpuCWT_c16384_f116,5,init:audio,34.6774
20260825_213436_GpuCWT_c16384_f116,5,init:dsp,207.8999
20260825_213436_GpuCWT_c16384_f116,5,init:renderer,55.6315
20260825_213436_GpuCWT_c16384_f116,5,init:prescan,92.1583
20260825_213436_GpuCWT_c16384_f116,5,init:prime,11.2482
20260825_213436_GpuCWT_c16384_f116,5,init:other,26.391
20260825_213436_GpuCWT_c16384_f116,5,init:cuda,273.3362
20260825_213436_GpuCWT_c16384_f116,5,init:audio_reader,0.1327
20260825_213436_GpuCWT_c16384_f116,5,init:audio_player,34.5269
20260825_213436_GpuCWT_c16384_f116,5,init:dsp_kernels,88.6446
20260825_213436_GpuCWT_c16384_f116,5,init:dsp_fft,20.011
20260825_213436_GpuCWT_c16384_f116,5,init:dsp_upload,99.044
20260825_213436_GpuCWT_c16384_f116,5,init:render_buffer,0.0654
20260825_213436_GpuCWT_c16384_f116,5,init:render_glcontext,52.2325
20260825_213436_GpuCWT_c16384_f116,5,init:render_shader,3.3084
20260825_213436_GpuCWT_c16384_f116,6,init:audio,89.4805
20260825_213436_GpuCWT_c16384_f116,6,init:dsp,234.5237
20260825_213436_GpuCWT_c16384_f116,6,init:renderer,66.9255
20260825_213436_GpuCWT_c16384_f116,6,init:prescan,98.1035
20260825_213436_GpuCWT_c16384_f116,6,init:prime,11.5815
20260825_213436_GpuCWT_c16384_f116,6,init:other,29.1418
20260825_213436_GpuCWT_c16384_f116,6,init:cuda,283.1326
20260825_213436_GpuCWT_c16384_f116,6,init:audio_reader,0.1312
20260825_213436_GpuCWT_c16384_f116,6,init:audio_player,89.3338
20260825_213436_GpuCWT_c16384_f116,6,init:dsp_kernels,106.3443
20260825_213436_GpuCWT_c16384_f116,6,init:dsp_fft,20.5837
20260825_213436_GpuCWT_c16384_f116,6,init:dsp_upload,107.4008
20260825_213436_GpuCWT_c16384_f116,6,init:render_buffer,0.2728
20260825_213436_GpuCWT_c16384_f116,6,init:render_glcontext,63.2554
20260825_213436_GpuCWT_c16384_f116,6,init:render_shader,3.3637
20260825_213436_GpuCWT_c16384_f116,7,init:audio,50.882
20260825_213436_GpuCWT_c16384_f116,7,init:dsp,217.5213
20260825_213436_GpuCWT_c16384_f116,7,init:renderer,73.6321
20260825_213436_GpuCWT_c16384_f116,7,init:prescan,95.8151
20260825_213436_GpuCWT_c16384_f116,7,init:prime,11.2715
20260825_213436_GpuCWT_c16384_f116,7,init:other,28.7947
20260825_213436_GpuCWT_c16384_f116,7,init:cuda,276.9026
20260825_213436_GpuCWT_c16384_f116,7,init:audio_reader,0.1399
20260825_213436_GpuCWT_c16384_f116,7,init:audio_player,50.7236
20260825_213436_GpuCWT_c16384_f116,7,init:dsp_kernels,96.3704
20260825_213436_GpuCWT_c16384_f116,7,init:dsp_fft,19.8399
20260825_213436_GpuCWT_c16384_f116,7,init:dsp_upload,101.0739
20260825_213436_GpuCWT_c16384_f116,7,init:render_buffer,0.1793
20260825_213436_GpuCWT_c16384_f116,7,init:render_glcontext,70.0994
20260825_213436_GpuCWT_c16384_f116,7,init:render_shader,3.323
20260825_213436_GpuCWT_c16384_f116,8,init:audio,30.6729
20260825_213436_GpuCWT_c16384_f116,8,init:dsp,206.9677
20260825_213436_GpuCWT_c16384_f116,8,init:renderer,83.7163
20260825_213436_GpuCWT_c16384_f116,8,init:prescan,103.1259
20260825_213436_GpuCWT_c16384_f116,8,init:prime,12.2494
20260825_213436_GpuCWT_c16384_f116,8,init:other,31.4069
20260825_213436_GpuCWT_c16384_f116,8,init:cuda,274.755
20260825_213436_GpuCWT_c16384_f116,8,init:audio_reader,0.1383
20260825_213436_GpuCWT_c16384_f116,8,init:audio_player,30.5164
20260825_213436_GpuCWT_c16384_f116,8,init:dsp_kernels,88.726
20260825_213436_GpuCWT_c16384_f116,8,init:dsp_fft,19.6025
20260825_213436_GpuCWT_c16384_f116,8,init:dsp_upload,98.4509
20260825_213436_GpuCWT_c16384_f116,8,init:render_buffer,0.2111
20260825_213436_GpuCWT_c16384_f116,8,init:render_glcontext,76.359
20260825_213436_GpuCWT_c16384_f116,8,init:render_shader,7.1131
20260825_213436_GpuCWT_c16384_f116,9,init:audio,52.395
20260825_213436_GpuCWT_c16384_f116,9,init:dsp,204.3163
20260825_213436_GpuCWT_c16384_f116,9,init:renderer,56.5699
20260825_213436_GpuCWT_c16384_f116,9,init:prescan,110.7564
20260825_213436_GpuCWT_c16384_f116,9,init:prime,11.8391
20260825_213436_GpuCWT_c16384_f116,9,init:other,27.0844
20260825_213436_GpuCWT_c16384_f116,9,init:cuda,270.7582
20260825_213436_GpuCWT_c16384_f116,9,init:audio_reader,0.1629
20260825_213436_GpuCWT_c16384_f116,9,init:audio_player,52.2127
20260825_213436_GpuCWT_c16384_f116,9,init:dsp_kernels,86.4185
20260825_213436_GpuCWT_c16384_f116,9,init:dsp_fft,19.7384
20260825_213436_GpuCWT_c16384_f116,9,init:dsp_upload,97.9551
20260825_213436_GpuCWT_c16384_f116,9,init:render_buffer,0.0795
20260825_213436_GpuCWT_c16384_f116,9,init:render_glcontext,52.1628
20260825_213436_GpuCWT_c16384_f116,9,init:render_shader,4.2968
20260825_213436_GpuCWT_c16384_f116,10,init:audio,91.4538
20260825_213436_GpuCWT_c16384_f116,10,init:dsp,234.9962
20260825_213436_GpuCWT_c16384_f116,10,init:renderer,74.3427
20260825_213436_GpuCWT_c16384_f116,10,init:prescan,98.4412
20260825_213436_GpuCWT_c16384_f116,10,init:prime,11.9946
20260825_213436_GpuCWT_c16384_f116,10,init:other,29.3764
20260825_213436_GpuCWT_c16384_f116,10,init:cuda,278.2039
20260825_213436_GpuCWT_c16384_f116,10,init:audio_reader,0.1739
20260825_213436_GpuCWT_c16384_f116,10,init:audio_player,91.2604
20260825_213436_GpuCWT_c16384_f116,10,init:dsp_kernels,105.4369
20260825_213436_GpuCWT_c16384_f116,10,init:dsp_fft,20.0126
20260825_213436_GpuCWT_c16384_f116,10,init:dsp_upload,109.3342
20260825_213436_GpuCWT_c16384_f116,10,init:render_buffer,0.1857
20260825_213436_GpuCWT_c16384_f116,10,init:render_glcontext,70.836
20260825_213436_GpuCWT_c16384_f116,10,init:render_shader,3.2879
20260825_213436_GpuCWT_c16384_f116,11,init:audio,91.8301
20260825_213436_GpuCWT_c16384_f116,11,init:dsp,232.0311
20260825_213436_GpuCWT_c16384_f116,11,init:renderer,70.8029
20260825_213436_GpuCWT_c16384_f116,11,init:prescan,98.2971
20260825_213436_GpuCWT_c16384_f116,11,init:prime,11.3486
20260825_213436_GpuCWT_c16384_f116,11,init:other,29.1519
20260825_213436_GpuCWT_c16384_f116,11,init:cuda,268.4571
20260825_213436_GpuCWT_c16384_f116,11,init:audio_reader,0.1344
20260825_213436_GpuCWT_c16384_f116,11,init:audio_player,91.6771
20260825_213436_GpuCWT_c16384_f116,11,init:dsp_kernels,105.5241
20260825_213436_GpuCWT_c16384_f116,11,init:dsp_fft,19.8151
20260825_213436_GpuCWT_c16384_f116,11,init:dsp_upload,106.442
20260825_213436_GpuCWT_c16384_f116,11,init:render_buffer,0.178
20260825_213436_GpuCWT_c16384_f116,11,init:render_glcontext,67.2439
20260825_213436_GpuCWT_c16384_f116,11,init:render_shader,3.3509
20260825_221454_GpuCWT_c16384_f116,0,init:audio,124.3526
20260825_221454_GpuCWT_c16384_f116,0,init:dsp,243.7745
20260825_221454_GpuCWT_c16384_f116,0,init:renderer,256.0724
20260825_221454_GpuCWT_c16384_f116,0,init:prescan,122.7297
20260825_221454_GpuCWT_c16384_f116,0,init:prime,42.4932
20260825_221454_GpuCWT_c16384_f116,0,init:other,43.6232
20260825_221454_GpuCWT_c16384_f116,0,init:cuda,282.1733
20260825_221454_GpuCWT_c16384_f116,0,init:audio_reader,2.0278
20260825_221454_GpuCWT_c16384_f116,0,init:audio_player,122.3031
20260825_221454_GpuCWT_c16384_f116,0,init:dsp_kernels,91.961
20260825_221454_GpuCWT_c16384_f116,0,init:dsp_fft,20.4156
20260825_221454_GpuCWT_c16384_f116,0,init:dsp_upload,131.2069
20260825_221454_GpuCWT_c16384_f116,0,init:render_buffer,0.0695
20260825_221454_GpuCWT_c16384_f116,0,init:render_glcontext,244.9821
20260825_221454_GpuCWT_c16384_f116,0,init:render_shader,10.9799
20260825_221454_GpuCWT_c16384_f116,1,init:audio,29.9111
20260825_221454_GpuCWT_c16384_f116,1,init:dsp,237.9664
20260825_221454_GpuCWT_c16384_f116,1,init:renderer,84.6138
20260825_221454_GpuCWT_c16384_f116,1,init:prescan,102.4623
20260825_221454_GpuCWT_c16384_f116,1,init:prime,12.2666
20260825_221454_GpuCWT_c16384_f116,1,init:other,28.9857
20260825_221454_GpuCWT_c16384_f116,1,init:cuda,277.3827
20260825_221454_GpuCWT_c16384_f116,1,init:audio_reader,0.1603
20260825_221454_GpuCWT_c16384_f116,1,init:audio_player,29.721
20260825_221454_GpuCWT_c16384_f116,1,init:dsp_kernels,102.6797
20260825_221454_GpuCWT_c16384_f116,1,init:dsp_fft,28.1135
20260825_221454_GpuCWT_c16384_f116,1,init:dsp_upload,106.9658
20260825_221454_GpuCWT_c16384_f116,1,init:render_buffer,0.1873
20260825_221454_GpuCWT_c16384_f116,1,init:render_glcontext,76.707
20260825_221454_GpuCWT_c16384_f116,1,init:render_shader,7.6869
20260825_221454_GpuCWT_c16384_f116,2,init:audio,30.5821
20260825_221454_GpuCWT_c16384_f116,2,init:dsp,208.1572
20260825_221454_GpuCWT_c16384_f116,2,init:renderer,54.8262
20260825_221454_GpuCWT_c16384_f116,2,init:prescan,108.9134
20260825_221454_GpuCWT_c16384_f116,2,init:prime,12.8762
20260825_221454_GpuCWT_c16384_f116,2,init:other,26.8026
20260825_221454_GpuCWT_c16384_f116,2,init:cuda,278.7073
20260825_221454_GpuCWT_c16384_f116,2,init:audio_reader,0.133
20260825_221454_GpuCWT_c16384_f116,2,init:audio_player,30.4307
20260825_221454_GpuCWT_c16384_f116,2,init:dsp_kernels,88.6652
20260825_221454_GpuCWT_c16384_f116,2,init:dsp_fft,20.2151
20260825_221454_GpuCWT_c16384_f116,2,init:dsp_upload,99.0636
20260825_221454_GpuCWT_c16384_f116,2,init:render_buffer,0.0734
20260825_221454_GpuCWT_c16384_f116,2,init:render_glcontext,51.2258
20260825_221454_GpuCWT_c16384_f116,2,init:render_shader,3.4982
20260825_221454_GpuCWT_c16384_f116,3,init:audio,36.9345
20260825_221454_GpuCWT_c16384_f116,3,init:dsp,203.7877
20260825_221454_GpuCWT_c16384_f116,3,init:renderer,54.9137
20260825_221454_GpuCWT_c16384_f116,3,init:prescan,97.5203
20260825_221454_GpuCWT_c16384_f116,3,init:prime,11.3074
20260825_221454_GpuCWT_c16384_f116,3,init:other,27.4856
20260825_221454_GpuCWT_c16384_f116,3,init:cuda,281.7272
20260825_221454_GpuCWT_c16384_f116,3,init:audio_reader,0.1334
20260825_221454_GpuCWT_c16384_f116,3,init:audio_player,36.7838
20260825_221454_GpuCWT_c16384_f116,3,init:dsp_kernels,87.6468
20260825_221454_GpuCWT_c16384_f116,3,init:dsp_fft,19.8731
20260825_221454_GpuCWT_c16384_f116,3,init:dsp_upload,96.0769
20260825_221454_GpuCWT_c16384_f116,3,init:render_buffer,0.0687
20260825_221454_GpuCWT_c16384_f116,3,init:render_glcontext,51.5045
20260825_221454_GpuCWT_c16384_f116,3,init:render_shader,3.3128
20260825_221454_GpuCWT_c16384_f116,4,init:audio,89.6078
20260825_221454_GpuCWT_c16384_f116,4,init:dsp,225.5053
20260825_221454_GpuCWT_c16384_f116,4,init:renderer,69.5214
20260825_221454_GpuCWT_c16384_f116,4,init:prescan,97.7391
20260825_221454_GpuCWT_c16384_f116,4,init:prime,11.6382
20260825_221454_GpuCWT_c16384_f116,4,init:other,29.0136
20260825_221454_GpuCWT_c16384_f116,4,init:cuda,289.4439
20260825_221454_GpuCWT_c16384_f116,4,init:audio_reader,0.1335
20260825_221454_GpuCWT_c16384_f116,4,init:audio_player,89.4563
20260825_221454_GpuCWT_c16384_f116,4,init:dsp_kernels,104.7791
20260825_221454_GpuCWT_c16384_f116,4,init:dsp_fft,20.2544
20260825_221454_GpuCWT_c16384_f116,4,init:dsp_upload,100.269
20260825_221454_GpuCWT_c16384_f116,4,init:render_buffer,0.3203
20260825_221454_GpuCWT_c16384_f116,4,init:render_glcontext,65.6152
20260825_221454_GpuCWT_c16384_f116,4,init:render_shader,3.5511
20260825_221454_GpuCWT_c16384_f116,5,init:audio,91.6896
20260825_221454_GpuCWT_c16384_f116,5,init:dsp,230.3685
20260825_221454_GpuCWT_c16384_f116,5,init:renderer,71.4737
20260825_221454_GpuCWT_c16384_f116,5,init:prescan,100.4223
20260825_221454_GpuCWT_c16384_f116,5,init:prime,11.6466
20260825_221454_GpuCWT_c16384_f116,5,init:other,29.1958
20260825_221454_GpuCWT_c16384_f116,5,init:cuda,282.8477
20260825_221454_GpuCWT_c16384_f116,5,init:audio_reader,0.1618
20260825_221454_GpuCWT_c16384_f116,5,init:audio_player,91.5107
20260825_221454_GpuCWT_c16384_f116,5,init:dsp_kernels,104.073
20260825_221454_GpuCWT_c16384_f116,5,init:dsp_fft,20.4951
20260825_221454_GpuCWT_c16384_f116,5,init:dsp_upload,105.5961
20260825_221454_GpuCWT_c16384_f116,5,init:render_buffer,0.3278
20260825_221454_GpuCWT_c16384_f116,5,init:render_glcontext,67.9274
20260825_221454_GpuCWT_c16384_f116,5,init:render_shader,3.1797
20260825_221454_GpuCWT_c16384_f116,6,init:audio,28.6135
20260825_221454_GpuCWT_c16384_f116,6,init:dsp,239.5606
20260825_221454_GpuCWT_c16384_f116,6,init:renderer,86.2148
20260825_221454_GpuCWT_c16384_f116,6,init:prescan,106.2832
20260825_221454_GpuCWT_c16384_f116,6,init:prime,12.3273
20260825_221454_GpuCWT_c16384_f116,6,init:other,29.1171
20260825_221454_GpuCWT_c16384_f116,6,init:cuda,286.8744
20260825_221454_GpuCWT_c16384_f116,6,init:audio_reader,0.1947
20260825_221454_GpuCWT_c16384_f116,6,init:audio_player,28.3973
20260825_221454_GpuCWT_c16384_f116,6,init:dsp_kernels,99.65
20260825_221454_GpuCWT_c16384_f116,6,init:dsp_fft,27.5074
20260825_221454_GpuCWT_c16384_f116,6,init:dsp_upload,112.1994
20260825_221454_GpuCWT_c16384_f116,6,init:render_buffer,0.1863
20260825_221454_GpuCWT_c16384_f116,6,init:render_glcontext,78.4303
20260825_221454_GpuCWT_c16384_f116,6,init:render_shader,7.5665
20260825_221454_GpuCWT_c16384_f116,7,init:audio,48.6634
20260825_221454_GpuCWT_c16384_f116,7,init:dsp,204.4915
20260825_221454_GpuCWT_c16384_f116,7,init:renderer,55.378
20260825_221454_GpuCWT_c16384_f116,7,init:prescan,99.0259
20260825_221454_GpuCWT_c16384_f116,7,init:prime,11.8886
20260825_221454_GpuCWT_c16384_f116,7,init:other,26.981
20260825_221454_GpuCWT_c16384_f116,7,init:cuda,274.5159
20260825_221454_GpuCWT_c16384_f116,7,init:audio_reader,0.1407
20260825_221454_GpuCWT_c16384_f116,7,init:audio_player,48.5006
20260825_221454_GpuCWT_c16384_f116,7,init:dsp_kernels,89.8793
20260825_221454_GpuCWT_c16384_f116,7,init:dsp_fft,20.3076
20260825_221454_GpuCWT_c16384_f116,7,init:dsp_upload,94.0867
20260825_221454_GpuCWT_c16384_f116,7,init:render_buffer,0.1061
20260825_221454_GpuCWT_c16384_f116,7,init:render_glcontext,51.5721
20260825_221454_GpuCWT_c16384_f116,7,init:render_shader,3.6682
20260825_221454_GpuCWT_c16384_f116,8,init:audio,49.0374
20260825_221454_GpuCWT_c16384_f116,8,init:dsp,208.4558
20260825_221454_GpuCWT_c16384_f116,8,init:renderer,56.4529
20260825_221454_GpuCWT_c16384_f116,8,init:prescan,97.6622
20260825_221454_GpuCWT_c16384_f116,8,init:prime,11.1851
20260825_221454_GpuCWT_c16384_f116,8,init:other,27.5603
20260825_221454_GpuCWT_c16384_f116,8,init:cuda,279.2996
20260825_221454_GpuCWT_c16384_f116,8,init:audio_reader,0.1318
20260825_221454_GpuCWT_c16384_f116,8,init:audio_player,48.8879
20260825_221454_GpuCWT_c16384_f116,8,init:dsp_kernels,90.1996
20260825_221454_GpuCWT_c16384_f116,8,init:dsp_fft,20.2479
20260825_221454_GpuCWT_c16384_f116,8,init:dsp_upload,97.8129
20260825_221454_GpuCWT_c16384_f116,8,init:render_buffer,0.0684
20260825_221454_GpuCWT_c16384_f116,8,init:render_glcontext,53.0106
20260825_221454_GpuCWT_c16384_f116,8,init:render_shader,3.3436
20260825_221454_GpuCWT_c16384_f116,9,init:audio,91.4517
20260825_221454_GpuCWT_c16384_f116,9,init:dsp,221.0414
20260825_221454_GpuCWT_c16384_f116,9,init:renderer,76.8222
20260825_221454_GpuCWT_c16384_f116,9,init:prescan,97.8459
20260825_221454_GpuCWT_c16384_f116,9,init:prime,11.7437
20260825_221454_GpuCWT_c16384_f116,9,init:other,29.3806
20260825_221454_GpuCWT_c16384_f116,9,init:cuda,279.2378
20260825_221454_GpuCWT_c16384_f116,9,init:audio_reader,0.1793
20260825_221454_GpuCWT_c16384_f116,9,init:audio_player,91.2526
20260825_221454_GpuCWT_c16384_f116,9,init:dsp_kernels,94.5376
20260825_221454_GpuCWT_c16384_f116,9,init:dsp_fft,20.3924
20260825_221454_GpuCWT_c16384_f116,9,init:dsp_upload,105.9042
20260825_221454_GpuCWT_c16384_f116,9,init:render_buffer,0.1602
20260825_221454_GpuCWT_c16384_f116,9,init:render_glcontext,70.9404
20260825_221454_GpuCWT_c16384_f116,9,init:render_shader,5.6922
20260825_221454_GpuCWT_c16384_f116,10,init:audio,28.2452
20260825_221454_GpuCWT_c16384_f116,10,init:dsp,225.0673
20260825_221454_GpuCWT_c16384_f116,10,init:renderer,84.926
20260825_221454_GpuCWT_c16384_f116,10,init:prescan,105.2201
20260825_221454_GpuCWT_c16384_f116,10,init:prime,11.2884
20260825_221454_GpuCWT_c16384_f116,10,init:other,29.3892
20260825_221454_GpuCWT_c16384_f116,10,init:cuda,274.0737
20260825_221454_GpuCWT_c16384_f116,10,init:audio_reader,0.1288
20260825_221454_GpuCWT_c16384_f116,10,init:audio_player,28.0997
20260825_221454_GpuCWT_c16384_f116,10,init:dsp_kernels,94.3655
20260825_221454_GpuCWT_c16384_f116,10,init:dsp_fft,28.2128
20260825_221454_GpuCWT_c16384_f116,10,init:dsp_upload,102.2875
20260825_221454_GpuCWT_c16384_f116,10,init:render_buffer,0.2783
20260825_221454_GpuCWT_c16384_f116,10,init:render_glcontext,76.665
20260825_221454_GpuCWT_c16384_f116,10,init:render_shader,7.9451
20260825_221454_GpuCWT_c16384_f116,11,init:audio,54.4841
20260825_221454_GpuCWT_c16384_f116,11,init:dsp,207.2184
20260825_221454_GpuCWT_c16384_f116,11,init:renderer,79.6289
20260825_221454_GpuCWT_c16384_f116,11,init:prescan,104.4622
20260825_221454_GpuCWT_c16384_f116,11,init:prime,12.839
20260825_221454_GpuCWT_c16384_f116,11,init:other,27.3455
20260825_221454_GpuCWT_c16384_f116,11,init:cuda,286.6294
20260825_221454_GpuCWT_c16384_f116,11,init:audio_reader,0.1286
20260825_221454_GpuCWT_c16384_f116,11,init:audio_player,54.3365
20260825_221454_GpuCWT_c16384_f116,11,init:dsp_kernels,88.0679
20260825_221454_GpuCWT_c16384_f116,11,init:dsp_fft,20.0864
20260825_221454_GpuCWT_c16384_f116,11,init:dsp_upload,98.8572
20260825_221454_GpuCWT_c16384_f116,11,init:render_buffer,0.1047
20260825_221454_GpuCWT_c16384_f116,11,init:render_glcontext,71.8589
20260825_221454_GpuCWT_c16384_f116,11,init:render_shader,7.6315
20260825_221713_GpuCWT_c16384_f116,0,init:audio,88.1312
20260825_221713_GpuCWT_c16384_f116,0,init:dsp,218.2047
20260825_221713_GpuCWT_c16384_f116,0,init:renderer,55.2018
20260825_221713_GpuCWT_c16384_f116,0,init:prescan,97.4935
20260825_221713_GpuCWT_c16384_f116,0,init:prime,11.202
20260825_221713_GpuCWT_c16384_f116,0,init:other,27.1153
20260825_221713_GpuCWT_c16384_f116,0,init:cuda,272.873
20260825_221713_GpuCWT_c16384_f116,0,init:audio_reader,0.1347
20260825_221713_GpuCWT_c16384_f116,0,init:audio_player,87.9787
20260825_221713_GpuCWT_c16384_f116,0,init:dsp_kernels,89.1117
20260825_221713_GpuCWT_c16384_f116,0,init:dsp_fft,20.6463
20260825_221713_GpuCWT_c16384_f116,0,init:dsp_upload,108.2472
20260825_221713_GpuCWT_c16384_f116,0,init:render_buffer,0.071
20260825_221713_GpuCWT_c16384_f116,0,init:render_glcontext,51.7449
20260825_221713_GpuCWT_c16384_f116,0,init:render_shader,3.3594
20260825_221713_GpuCWT_c16384_f116,1,init:audio,89.7402
20260825_221713_GpuCWT_c16384_f116,1,init:dsp,194.8809
20260825_221713_GpuCWT_c16384_f116,1,init:renderer,54.5163
20260825_221713_GpuCWT_c16384_f116,1,init:prescan,97.8604
20260825_221713_GpuCWT_c16384_f116,1,init:prime,11.5385
20260825_221713_GpuCWT_c16384_f116,1,init:other,27.6607
20260825_221713_GpuCWT_c16384_f116,1,init:cuda,272.9272
20260825_221713_GpuCWT_c16384_f116,1,init:audio_reader,0.1342
20260825_221713_GpuCWT_c16384_f116,1,init:audio_player,89.5887
20260825_221713_GpuCWT_c16384_f116,1,init:dsp_kernels,88.5362
20260825_221713_GpuCWT_c16384_f116,1,init:dsp_fft,19.8588
20260825_221713_GpuCWT_c16384_f116,1,init:dsp_upload,86.2778
20260825_221713_GpuCWT_c16384_f116,1,init:render_buffer,0.1043
20260825_221713_GpuCWT_c16384_f116,1,init:render_glcontext,51.1024
20260825_221713_GpuCWT_c16384_f116,1,init:render_shader,3.2798
20260825_221713_GpuCWT_c16384_f116,2,init:audio,29.4417
20260825_221713_GpuCWT_c16384_f116,2,init:dsp,215.1984
20260825_221713_GpuCWT_c16384_f116,2,init:renderer,58.3077
20260825_221713_GpuCWT_c16384_f116,2,init:prescan,105.9368
20260825_221713_GpuCWT_c16384_f116,2,init:prime,12.0293
20260825_221713_GpuCWT_c16384_f116,2,init:other,26.8696
20260825_221713_GpuCWT_c16384_f116,2,init:cuda,276.8845
20260825_221713_GpuCWT_c16384_f116,2,init:audio_reader,0.1326
20260825_221713_GpuCWT_c16384_f116,2,init:audio_player,29.293
20260825_221713_GpuCWT_c16384_f116,2,init:dsp_kernels,89.038
20260825_221713_GpuCWT_c16384_f116,2,init:dsp_fft,26.8589
20260825_221713_GpuCWT_c16384_f116,2,init:dsp_upload,99.0805
20260825_221713_GpuCWT_c16384_f116,2,init:render_buffer,0.0714
20260825_221713_GpuCWT_c16384_f116,2,init:render_glcontext,54.6788
20260825_221713_GpuCWT_c16384_f116,2,init:render_shader,3.5312
20260825_221713_GpuCWT_c16384_f116,3,init:audio,59.4749
20260825_221713_GpuCWT_c16384_f116,3,init:dsp,213.2093
20260825_221713_GpuCWT_c16384_f116,3,init:renderer,55.4341
20260825_221713_GpuCWT_c16384_f116,3,init:prescan,95.7088
20260825_221713_GpuCWT_c16384_f116,3,init:prime,11.49
20260825_221713_GpuCWT_c16384_f116,3,init:other,27.6924
20260825_221713_GpuCWT_c16384_f116,3,init:cuda,274.8888
20260825_221713_GpuCWT_c16384_f116,3,init:audio_reader,0.1321
20260825_221713_GpuCWT_c16384_f116,3,init:audio_player,59.324
20260825_221713_GpuCWT_c16384_f116,3,init:dsp_kernels,89.3371
20260825_221713_GpuCWT_c16384_f116,3,init:dsp_fft,20.0083
20260825_221713_GpuCWT_c16384_f116,3,init:dsp_upload,103.6531
20260825_221713_GpuCWT_c16384_f116,3,init:render_buffer,0.0756
20260825_221713_GpuCWT_c16384_f116,3,init:render_glcontext,51.9898
20260825_221713_GpuCWT_c16384_f116,3,init:render_shader,3.3383
20260825_221713_GpuCWT_c16384_f116,4,init:audio,80.9693
20260825_221713_GpuCWT_c16384_f116,4,init:dsp,209.2024
20260825_221713_GpuCWT_c16384_f116,4,init:renderer,54.9208
20260825_221713_GpuCWT_c16384_f116,4,init:prescan,95.773
20260825_221713_GpuCWT_c16384_f116,4,init:prime,11.208
20260825_221713_GpuCWT_c16384_f116,4,init:other,27.3595
20260825_221713_GpuCWT_c16384_f116,4,init:cuda,273.4396
20260825_221713_GpuCWT_c16384_f116,4,init:audio_reader,0.1347
20260825_221713_GpuCWT_c16384_f116,4,init:audio_player,80.8164
20260825_221713_GpuCWT_c16384_f116,4,init:dsp_kernels,90.5806
20260825_221713_GpuCWT_c16384_f116,4,init:dsp_fft,20.9708
20260825_221713_GpuCWT_c16384_f116,4,init:dsp_upload,97.4516
20260825_221713_GpuCWT_c16384_f116,4,init:render_buffer,0.0709
20260825_221713_GpuCWT_c16384_f116,4,init:render_glcontext,51.463
20260825_221713_GpuCWT_c16384_f116,4,init:render_shader,3.3591
20260825_221713_GpuCWT_c16384_f116,5,init:audio,90.0108
20260825_221713_GpuCWT_c16384_f116,5,init:dsp,204.8603
20260825_221713_GpuCWT_c16384_f116,5,init:renderer,55.2808
20260825_221713_GpuCWT_c16384_f116,5,init:prescan,94.514
20260825_221713_GpuCWT_c16384_f116,5,init:prime,11.4347
20260825_221713_GpuCWT_c16384_f116,5,init:other,27.0133
20260825_221713_GpuCWT_c16384_f116,5,init:cuda,272.1748
20260825_221713_GpuCWT_c16384_f116,5,init:audio_reader,0.1348
20260825_221713_GpuCWT_c16384_f116,5,init:audio_player,89.8579
20260825_221713_GpuCWT_c16384_f116,5,init:dsp_kernels,90.0939
20260825_221713_GpuCWT_c16384_f116,5,init:dsp_fft,20.0477
20260825_221713_GpuCWT_c16384_f116,5,init:dsp_upload,94.5229
20260825_221713_GpuCWT_c16384_f116,5,init:render_buffer,0.0693
20260825_221713_GpuCWT_c16384_f116,5,init:render_glcontext,51.7274
20260825_221713_GpuCWT_c16384_f116,5,init:render_shader,3.4538
20260825_221713_GpuCWT_c16384_f116,6,init:audio,29.8706
20260825_221713_GpuCWT_c16384_f116,6,init:dsp,198.437
20260825_221713_GpuCWT_c16384_f116,6,init:renderer,58.4867
20260825_221713_GpuCWT_c16384_f116,6,init:prescan,105.6721
20260825_221713_GpuCWT_c16384_f116,6,init:prime,11.1589
20260825_221713_GpuCWT_c16384_f116,6,init:other,27.1213
20260825_221713_GpuCWT_c16384_f116,6,init:cuda,245.7366
20260825_221713_GpuCWT_c16384_f116,6,init:audio_reader,0.1292
20260825_221713_GpuCWT_c16384_f116,6,init:audio_player,29.7016
20260825_221713_GpuCWT_c16384_f116,6,init:dsp_kernels,88.8859
20260825_221713_GpuCWT_c16384_f116,6,init:dsp_fft,28.2494
20260825_221713_GpuCWT_c16384_f116,6,init:dsp_upload,81.098
20260825_221713_GpuCWT_c16384_f116,6,init:render_buffer,0.109
20260825_221713_GpuCWT_c16384_f116,6,init:render_glcontext,55.0847
20260825_221713_GpuCWT_c16384_f116,6,init:render_shader,3.2637
20260825_221713_GpuCWT_c16384_f116,7,init:audio,57.9987
20260825_221713_GpuCWT_c16384_f116,7,init:dsp,208.9096
20260825_221713_GpuCWT_c16384_f116,7,init:renderer,55.8149
20260825_221713_GpuCWT_c16384_f116,7,init:prescan,96.9645
20260825_221713_GpuCWT_c16384_f116,7,init:prime,11.361
20260825_221713_GpuCWT_c16384_f116,7,init:other,27.2953
20260825_221713_GpuCWT_c16384_f116,7,init:cuda,276.4065
20260825_221713_GpuCWT_c16384_f116,7,init:audio_reader,0.1353
20260825_221713_GpuCWT_c16384_f116,7,init:audio_player,57.8438
20260825_221713_GpuCWT_c16384_f116,7,init:dsp_kernels,89.7677
20260825_221713_GpuCWT_c16384_f116,7,init:dsp_fft,19.9882
20260825_221713_GpuCWT_c16384_f116,7,init:dsp_upload,98.9644
20260825_221713_GpuCWT_c16384_f116,7,init:render_buffer,0.073
20260825_221713_GpuCWT_c16384_f116,7,init:render_glcontext,52.2646
20260825_221713_GpuCWT_c16384_f116,7,init:render_shader,3.4484
20260825_221713_GpuCWT_c16384_f116,8,init:audio,87.7005
20260825_221713_GpuCWT_c16384_f116,8,init:dsp,214.729
20260825_221713_GpuCWT_c16384_f116,8,init:renderer,55.7322
20260825_221713_GpuCWT_c16384_f116,8,init:prescan,103.0589
20260825_221713_GpuCWT_c16384_f116,8,init:prime,11.9706
20260825_221713_GpuCWT_c16384_f116,8,init:other,27.0284
20260825_221713_GpuCWT_c16384_f116,8,init:cuda,272.6644
20260825_221713_GpuCWT_c16384_f116,8,init:audio_reader,0.1348
20260825_221713_GpuCWT_c16384_f116,8,init:audio_player,87.5444
20260825_221713_GpuCWT_c16384_f116,8,init:dsp_kernels,91.0309
20260825_221713_GpuCWT_c16384_f116,8,init:dsp_fft,20.5912
20260825_221713_GpuCWT_c16384_f116,8,init:dsp_upload,102.913
20260825_221713_GpuCWT_c16384_f116,8,init:render_buffer,0.0746
20260825_221713_GpuCWT_c16384_f116,8,init:render_glcontext,52.0085
20260825_221713_GpuCWT_c16384_f116,8,init:render_shader,3.6192
20260825_221713_GpuCWT_c16384_f116,9,init:audio,89.5105
20260825_221713_GpuCWT_c16384_f116,9,init:dsp,209.6379
20260825_221713_GpuCWT_c16384_f116,9,init:renderer,54.1608
20260825_221713_GpuCWT_c16384_f116,9,init:prescan,96.5756
20260825_221713_GpuCWT_c16384_f116,9,init:prime,11.5231
20260825_221713_GpuCWT_c16384_f116,9,init:other,27.3754
20260825_221713_GpuCWT_c16384_f116,9,init:cuda,271.4356
20260825_221713_GpuCWT_c16384_f116,9,init:audio_reader,0.1306
20260825_221713_GpuCWT_c16384_f116,9,init:audio_player,89.3624
20260825_221713_GpuCWT_c16384_f116,9,init:dsp_kernels,90.5874
20260825_221713_GpuCWT_c16384_f116,9,init:dsp_fft,20.5039
20260825_221713_GpuCWT_c16384_f116,9,init:dsp_upload,98.3358
20260825_221713_GpuCWT_c16384_f116,9,init:render_buffer,0.0743
20260825_221713_GpuCWT_c16384_f116,9,init:render_glcontext,50.696
20260825_221713_GpuCWT_c16384_f116,9,init:render_shader,3.3618
20260825_221713_GpuCWT_c16384_f116,10,init:audio,30.0151
20260825_221713_GpuCWT_c16384_f116,10,init:dsp,216.0366
20260825_221713_GpuCWT_c16384_f116,10,init:renderer,61.2853
20260825_221713_GpuCWT_c16384_f116,10,init:prescan,106.1678
20260825_221713_GpuCWT_c16384_f116,10,init:prime,11.5186
20260825_221713_GpuCWT_c16384_f116,10,init:other,26.9219
20260825_221713_GpuCWT_c16384_f116,10,init:cuda,273.726
20260825_221713_GpuCWT_c16384_f116,10,init:audio_reader,0.1323
20260825_221713_GpuCWT_c16384_f116,10,init:audio_player,29.8645
20260825_221713_GpuCWT_c16384_f116,10,init:dsp_kernels,94.2068
20260825_221713_GpuCWT_c16384_f116,10,init:dsp_fft,20.0965
20260825_221713_GpuCWT_c16384_f116,10,init:dsp_upload,101.5103
20260825_221713_GpuCWT_c16384_f116,10,init:render_buffer,0.0729
20260825_221713_GpuCWT_c16384_f116,10,init:render_glcontext,57.8062
20260825_221713_GpuCWT_c16384_f116,10,init:render_shader,3.3803
20260825_221713_GpuCWT_c16384_f116,11,init:audio,55.56
20260825_221713_GpuCWT_c16384_f116,11,init:dsp,207.277
20260825_221713_GpuCWT_c16384_f116,11,init:renderer,55.7829
20260825_221713_GpuCWT_c16384_f116,11,init:prescan,96.6873
20260825_221713_GpuCWT_c16384_f116,11,init:prime,11.282
20260825_221713_GpuCWT_c16384_f116,11,init:other,26.7382
20260825_221713_GpuCWT_c16384_f116,11,init:cuda,271.8347
20260825_221713_GpuCWT_c16384_f116,11,init:audio_reader,0.1299
20260825_221713_GpuCWT_c16384_f116,11,init:audio_player,55.4118
20260825_221713_GpuCWT_c16384_f116,11,init:dsp_kernels,88.094
20260825_221713_GpuCWT_c16384_f116,11,init:dsp_fft,19.91
20260825_221713_GpuCWT_c16384_f116,11,init:dsp_upload,99.0623
20260825_221713_GpuCWT_c16384_f116,11,init:render_buffer,0.0727
20260825_221713_GpuCWT_c16384_f116,11,init:render_glcontext,52.1507
20260825_221713_GpuCWT_c16384_f116,11,init:render_shader,3.5319
20260827_004123_GpuCWT_c16384_f116,0,init:audio,122.6671
20260827_004123_GpuCWT_c16384_f116,0,init:dsp,272.5611
20260827_004123_GpuCWT_c16384_f116,0,init:renderer,268.7416
20260827_004123_GpuCWT_c16384_f116,0,init:prescan,105.2485
20260827_004123_GpuCWT_c16384_f116,0,init:prime,43.7259
20260827_004123_GpuCWT_c16384_f116,0,init:other,45.7357
20260827_004123_GpuCWT_c16384_f116,0,init:cuda,283.2697
20260827_004123_GpuCWT_c16384_f116,0,init:audio_reader,2.082
20260827_004123_GpuCWT_c16384_f116,0,init:audio_player,120.5664
20260827_004123_GpuCWT_c16384_f116,0,init:dsp_kernels,120.4042
20260827_004123_GpuCWT_c16384_f116,0,init:dsp_fft,28.266
20260827_004123_GpuCWT_c16384_f116,0,init:dsp_upload,123.6908
20260827_004123_GpuCWT_c16384_f116,0,init:render_buffer,0.2007
20260827_004123_GpuCWT_c16384_f116,0,init:render_glcontext,257.6999
20260827_004123_GpuCWT_c16384_f116,0,init:render_shader,10.81
20260827_004123_GpuCWT_c16384_f116,1,init:audio,55.7005
20260827_004123_GpuCWT_c16384_f116,1,init:dsp,208.8863
20260827_004123_GpuCWT_c16384_f116,1,init:renderer,58.4131
20260827_004123_GpuCWT_c16384_f116,1,init:prescan,96.3383
20260827_004123_GpuCWT_c16384_f116,1,init:prime,11.6431
20260827_004123_GpuCWT_c16384_f116,1,init:other,27.3752
20260827_004123_GpuCWT_c16384_f116,1,init:cuda,277.8979
20260827_004123_GpuCWT_c16384_f116,1,init:audio_reader,0.138
20260827_004123_GpuCWT_c16384_f116,1,init:audio_player,55.5446
20260827_004123_GpuCWT_c16384_f116,1,init:dsp_kernels,90.0294
20260827_004123_GpuCWT_c16384_f116,1,init:dsp_fft,20.1846
20260827_004123_GpuCWT_c16384_f116,1,init:dsp_upload,98.4575
20260827_004123_GpuCWT_c16384_f116,1,init:render_buffer,0.0744
20260827_004123_GpuCWT_c16384_f116,1,init:render_glcontext,55.1135
20260827_004123_GpuCWT_c16384_f116,1,init:render_shader,3.1954
20260827_004123_GpuCWT_c16384_f116,2,init:audio,89.0279
20260827_004123_GpuCWT_c16384_f116,2,init:dsp,227.2812
20260827_004123_GpuCWT_c16384_f116,2,init:renderer,73.1475
20260827_004123_GpuCWT_c16384_f116,2,init:prescan,99.015
20260827_004123_GpuCWT_c16384_f116,2,init:prime,12.0278
20260827_004123_GpuCWT_c16384_f116,2,init:other,27.3035
20260827_004123_GpuCWT_c16384_f116,2,init:cuda,276.3006
20260827_004123_GpuCWT_c16384_f116,2,init:audio_reader,0.134
20260827_004123_GpuCWT_c16384_f116,2,init:audio_player,88.8616
20260827_004123_GpuCWT_c16384_f116,2,init:dsp_kernels,95.6277
20260827_004123_GpuCWT_c16384_f116,2,init:dsp_fft,20.248
20260827_004123_GpuCWT_c16384_f116,2,init:dsp_upload,111.203
20260827_004123_GpuCWT_c16384_f116,2,init:render_buffer,0.0701
20260827_004123_GpuCWT_c16384_f116,2,init:render_glcontext,67.2941
20260827_004123_GpuCWT_c16384_f116,2,init:render_shader,5.7538
20260827_004123_GpuCWT_c16384_f116,3,init:audio,89.8683
20260827_004123_GpuCWT_c16384_f116,3,init:dsp,221.5555
20260827_004123_GpuCWT_c16384_f116,3,init:renderer,70.1527
20260827_004123_GpuCWT_c16384_f116,3,init:prescan,98.7068
20260827_004123_GpuCWT_c16384_f116,3,init:prime,11.815
20260827_004123_GpuCWT_c16384_f116,3,init:other,29.1212
20260827_004123_GpuCWT_c16384_f116,3,init:cuda,277.4233
20260827_004123_GpuCWT_c16384_f116,3,init:audio_reader,0.1337
20260827_004123_GpuCWT_c16384_f116,3,init:audio_player,89.7176
20260827_004123_GpuCWT_c16384_f116,3,init:dsp_kernels,95.0864
20260827_004123_GpuCWT_c16384_f116,3,init:dsp_fft,19.957
20260827_004123_GpuCWT_c16384_f116,3,init:dsp_upload,106.3054
20260827_004123_GpuCWT_c16384_f116,3,init:render_buffer,0.1601
20260827_004123_GpuCWT_c16384_f116,3,init:render_glcontext,63.3038
20260827_004123_GpuCWT_c16384_f116,3,init:render_shader,6.6579
20260827_004123_GpuCWT_c16384_f116,4,init:audio,29.5552
20260827_004123_GpuCWT_c16384_f116,4,init:dsp,234.4477
20260827_004123_GpuCWT_c16384_f116,4,init:renderer,78.5393
20260827_004123_GpuCWT_c16384_f116,4,init:prescan,105.7192
20260827_004123_GpuCWT_c16384_f116,4,init:prime,11.8075
20260827_004123_GpuCWT_c16384_f116,4,init:other,30.2003
20260827_004123_GpuCWT_c16384_f116,4,init:cuda,287.128
20260827_004123_GpuCWT_c16384_f116,4,init:audio_reader,0.1341
20260827_004123_GpuCWT_c16384_f116,4,init:audio_player,29.4035
20260827_004123_GpuCWT_c16384_f116,4,init:dsp_kernels,94.8176
20260827_004123_GpuCWT_c16384_f116,4,init:dsp_fft,27.8097
20260827_004123_GpuCWT_c16384_f116,4,init:dsp_upload,111.6139
20260827_004123_GpuCWT_c16384_f116,4,init:render_buffer,0.3216
20260827_004123_GpuCWT_c16384_f116,4,init:render_glcontext,70.4353
20260827_004123_GpuCWT_c16384_f116,4,init:render_shader,7.7429
20260827_004123_GpuCWT_c16384_f116,5,init:audio,55.6248
20260827_004123_GpuCWT_c16384_f116,5,init:dsp,214.3112
20260827_004123_GpuCWT_c16384_f116,5,init:renderer,76.837
20260827_004123_GpuCWT_c16384_f116,5,init:prescan,107.3108
20260827_004123_GpuCWT_c16384_f116,5,init:prime,11.7714
20260827_004123_GpuCWT_c16384_f116,5,init:other,28.0686
20260827_004123_GpuCWT_c16384_f116,5,init:cuda,282.7397
20260827_004123_GpuCWT_c16384_f116,5,init:audio_reader,0.1404
20260827_004123_GpuCWT_c16384_f116,5,init:audio_player,55.4668
20260827_004123_GpuCWT_c16384_f116,5,init:dsp_kernels,89.8485
20260827_004123_GpuCWT_c16384_f116,5,init:dsp_fft,20.1924
20260827_004123_GpuCWT_c16384_f116,5,init:dsp_upload,104.0598
20260827_004123_GpuCWT_c16384_f116,5,init:render_buffer,0.096
20260827_004123_GpuCWT_c16384_f116,5,init:render_glcontext,68.8459
20260827_004123_GpuCWT_c16384_f116,5,init:render_shader,7.8566
20260827_004123_GpuCWT_c16384_f116,6,init:audio,58.7968
20260827_004123_GpuCWT_c16384_f116,6,init:dsp,212.9918
20260827_004123_GpuCWT_c16384_f116,6,init:renderer,56.2244
20260827_004123_GpuCWT_c16384_f116,6,init:prescan,99.4896
20260827_004123_GpuCWT_c16384_f116,6,init:prime,11.8412
20260827_004123_GpuCWT_c16384_f116,6,init:other,27.0792
20260827_004123_GpuCWT_c16384_f116,6,init:cuda,282.5539
20260827_004123_GpuCWT_c16384_f116,6,init:audio_reader,0.1377
20260827_004123_GpuCWT_c16384_f116,6,init:audio_player,58.6131
20260827_004123_GpuCWT_c16384_f116,6,init:dsp_kernels,90.3132
20260827_004123_GpuCWT_c16384_f116,6,init:dsp_fft,20.2017
20260827_004123_GpuCWT_c16384_f116,6,init:dsp_upload,102.2782
20260827_004123_GpuCWT_c16384_f116,6,init:render_buffer,0.0727
20260827_004123_GpuCWT_c16384_f116,6,init:render_glcontext,52.6195
20260827_004123_GpuCWT_c16384_f116,6,init:render_shader,3.5029
20260827_004123_GpuCWT_c16384_f116,7,init:audio,89.7263
20260827_004123_GpuCWT_c16384_f116,7,init:dsp,223.6852
20260827_004123_GpuCWT_c16384_f116,7,init:renderer,72.3849
20260827_004123_GpuCWT_c16384_f116,7,init:prescan,98.4959
20260827_004123_GpuCWT_c16384_f116,7,init:prime,12.0977
20260827_004123_GpuCWT_c16384_f116,7,init:other,27.6751
20260827_004123_GpuCWT_c16384_f116,7,init:cuda,278.6312
20260827_004123_GpuCWT_c16384_f116,7,init:audio_reader,0.1618
20260827_004123_GpuCWT_c16384_f116,7,init:audio_player,89.5477
20260827_004123_GpuCWT_c16384_f116,7,init:dsp_kernels,93.7863
20260827_004123_GpuCWT_c16384_f116,7,init:dsp_fft,20.794
20260827_004123_GpuCWT_c16384_f116,7,init:dsp_upload,108.8907
20260827_004123_GpuCWT_c16384_f116,7,init:render_buffer,0.071
20260827_004123_GpuCWT_c16384_f116,7,init:render_glcontext,64.8964
20260827_004123_GpuCWT_c16384_f116,7,init:render_shader,7.3889
20260827_004123_GpuCWT_c16384_f116,8,init:audio,89.6247
20260827_004123_GpuCWT_c16384_f116,8,init:dsp,211.6042
20260827_004123_GpuCWT_c16384_f116,8,init:renderer,72.2793
20260827_004123_GpuCWT_c16384_f116,8,init:prescan,99.2068
20260827_004123_GpuCWT_c16384_f116,8,init:prime,12.0069
20260827_004123_GpuCWT_c16384_f116,8,init:other,29.861
20260827_004123_GpuCWT_c16384_f116,8,init:cuda,279.8045
20260827_004123_GpuCWT_c16384_f116,8,init:audio_reader,0.1483
20260827_004123_GpuCWT_c16384_f116,8,init:audio_player,89.4522
20260827_004123_GpuCWT_c16384_f116,8,init:dsp_kernels,87.6677
20260827_004123_GpuCWT_c16384_f116,8,init:dsp_fft,20.0915
20260827_004123_GpuCWT_c16384_f116,8,init:dsp_upload,103.6392
20260827_004123_GpuCWT_c16384_f116,8,init:render_buffer,0.1936
20260827_004123_GpuCWT_c16384_f116,8,init:render_glcontext,64.3249
20260827_004123_GpuCWT_c16384_f116,8,init:render_shader,7.7275
20260827_004123_GpuCWT_c16384_f116,9,init:audio,28.6644
20260827_004123_GpuCWT_c16384_f116,9,init:dsp,236.2698
20260827_004123_GpuCWT_c16384_f116,9,init:renderer,77.4397
20260827_004123_GpuCWT_c16384_f116,9,init:prescan,106.8005
20260827_004123_GpuCWT_c16384_f116,9,init:prime,11.6849
20260827_004123_GpuCWT_c16384_f116,9,init:other,27.6865
20260827_004123_GpuCWT_c16384_f116,9,init:cuda,283.1051
20260827_004123_GpuCWT_c16384_f116,9,init:audio_reader,0.1425
20260827_004123_GpuCWT_c16384_f116,9,init:audio_player,28.5048
20260827_004123_GpuCWT_c16384_f116,9,init:dsp_kernels,91.2387
20260827_004123_GpuCWT_c16384_f116,9,init:dsp_fft,28.8892
20260827_004123_GpuCWT_c16384_f116,9,init:dsp_upload,115.9349
20260827_004123_GpuCWT_c16384_f116,9,init:render_buffer,0.072
20260827_004123_GpuCWT_c16384_f116,9,init:render_glcontext,69.464
20260827_004123_GpuCWT_c16384_f116,9,init:render_shader,7.8749
20260827_004123_GpuCWT_c16384_f116,10,init:audio,58.3625
20260827_004123_GpuCWT_c16384_f116,10,init:dsp,227.8507
20260827_004123_GpuCWT_c16384_f116,10,init:renderer,77.8574
20260827_004123_GpuCWT_c16384_f116,10,init:prescan,106.7738
20260827_004123_GpuCWT_c16384_f116,10,init:prime,12.9665
20260827_004123_GpuCWT_c16384_f116,10,init:other,27.7356
20260827_004123_GpuCWT_c16384_f116,10,init:cuda,278.3675
20260827_004123_GpuCWT_c16384_f116,10,init:audio_reader,0.1496
20260827_004123_GpuCWT_c16384_f116,10,init:audio_player,58.1916
20260827_004123_GpuCWT_c16384_f116,10,init:dsp_kernels,90.665
20260827_004123_GpuCWT_c16384_f116,10,init:dsp_fft,20.7722
20260827_004123_GpuCWT_c16384_f116,10,init:dsp_upload,116.1958
20260827_004123_GpuCWT_c16384_f116,10,init:render_buffer,0.0774
20260827_004123_GpuCWT_c16384_f116,10,init:render_glcontext,70.0793
20260827_004123_GpuCWT_c16384_f116,10,init:render_shader,7.6697
20260827_004123_GpuCWT_c16384_f116,11,init:audio,57.2067
20260827_004123_GpuCWT_c16384_f116,11,init:dsp,207.0808
20260827_004123_GpuCWT_c16384_f116,11,init:renderer,55.7877
20260827_004123_GpuCWT_c16384_f116,11,init:prescan,96.9489
20260827_004123_GpuCWT_c16384_f116,11,init:prime,11.6059
20260827_004123_GpuCWT_c16384_f116,11,init:other,26.751
20260827_004123_GpuCWT_c16384_f116,11,init:cuda,274.8368
20260827_004123_GpuCWT_c16384_f116,11,init:audio_reader,0.1372
20260827_004123_GpuCWT_c16384_f116,11,init:audio_player,57.0495
20260827_004123_GpuCWT_c16384_f116,11,init:dsp_kernels,87.8042
20260827_004123_GpuCWT_c16384_f116,11,init:dsp_fft,19.6527
20260827_004123_GpuCWT_c16384_f116,11,init:dsp_upload,99.4058
20260827_004123_GpuCWT_c16384_f116,11,init:render_buffer,0.0718
20260827_004123_GpuCWT_c16384_f116,11,init:render_glcontext,52.1084
20260827_004123_GpuCWT_c16384_f116,11,init:render_shader,3.5759
20260827_004350_GpuCWT_c16384_f116,0,init:audio,89.9097
20260827_004350_GpuCWT_c16384_f116,0,init:dsp,222.7314
20260827_004350_GpuCWT_c16384_f116,0,init:renderer,63.4736
20260827_004350_GpuCWT_c16384_f116,0,init:prescan,106.1503
20260827_004350_GpuCWT_c16384_f116,0,init:prime,12.5635
20260827_004350_GpuCWT_c16384_f116,0,init:other,26.8908
20260827_004350_GpuCWT_c16384_f116,0,init:cuda,275.3828
20260827_004350_GpuCWT_c16384_f116,0,init:audio_reader,0.1376
20260827_004350_GpuCWT_c16384_f116,0,init:audio_player,89.7554
20260827_004350_GpuCWT_c16384_f116,0,init:dsp_kernels,88.4813
20260827_004350_GpuCWT_c16384_f116,0,init:dsp_fft,20.2336
20260827_004350_GpuCWT_c16384_f116,0,init:dsp_upload,113.8188
20260827_004350_GpuCWT_c16384_f116,0,init:render_buffer,0.0693
20260827_004350_GpuCWT_c16384_f116,0,init:render_glcontext,55.8335
20260827_004350_GpuCWT_c16384_f116,0,init:render_shader,7.5425
20260827_004350_GpuCWT_c16384_f116,1,init:audio,89.4706
20260827_004350_GpuCWT_c16384_f116,1,init:dsp,214.4132
20260827_004350_GpuCWT_c16384_f116,1,init:renderer,59.8217
20260827_004350_GpuCWT_c16384_f116,1,init:prescan,104.3533
20260827_004350_GpuCWT_c16384_f116,1,init:prime,12.7283
20260827_004350_GpuCWT_c16384_f116,1,init:other,27.2329
20260827_004350_GpuCWT_c16384_f116,1,init:cuda,280.9345
20260827_004350_GpuCWT_c16384_f116,1,init:audio_reader,0.1374
20260827_004350_GpuCWT_c16384_f116,1,init:audio_player,89.3155
20260827_004350_GpuCWT_c16384_f116,1,init:dsp_kernels,89.5997
20260827_004350_GpuCWT_c16384_f116,1,init:dsp_fft,20.6117
20260827_004350_GpuCWT_c16384_f116,1,init:dsp_upload,103.9731
20260827_004350_GpuCWT_c16384_f116,1,init:render_buffer,0.0736
20260827_004350_GpuCWT_c16384_f116,1,init:render_glcontext,52.3319
20260827_004350_GpuCWT_c16384_f116,1,init:render_shader,7.3859
20260827_004350_GpuCWT_c16384_f116,2,init:audio,37.0273
20260827_004350_GpuCWT_c16384_f116,2,init:dsp,222.614
20260827_004350_GpuCWT_c16384_f116,2,init:renderer,84.0884
20260827_004350_GpuCWT_c16384_f116,2,init:prescan,107.6317
20260827_004350_GpuCWT_c16384_f116,2,init:prime,11.9817
20260827_004350_GpuCWT_c16384_f116,2,init:other,29.1724
20260827_004350_GpuCWT_c16384_f116,2,init:cuda,288.7422
20260827_004350_GpuCWT_c16384_f116,2,init:audio_reader,0.1496
20260827_004350_GpuCWT_c16384_f116,2,init:audio_player,36.8598
20260827_004350_GpuCWT_c16384_f116,2,init:dsp_kernels,103.1184
20260827_004350_GpuCWT_c16384_f116,2,init:dsp_fft,28.575
20260827_004350_GpuCWT_c16384_f116,2,init:dsp_upload,90.7136
20260827_004350_GpuCWT_c16384_f116,2,init:render_buffer,0.1838
20260827_004350_GpuCWT_c16384_f116,2,init:render_glcontext,76.2006
20260827_004350_GpuCWT_c16384_f116,2,init:render_shader,7.6729
20260827_004350_GpuCWT_c16384_f116,3,init:audio,33.9061
20260827_004350_GpuCWT_c16384_f116,3,init:dsp,206.9791
20260827_004350_GpuCWT_c16384_f116,3,init:renderer,54.923
20260827_004350_GpuCWT_c16384_f116,3,init:prescan,114.1739
20260827_004350_GpuCWT_c16384_f116,3,init:prime,13.2186
20260827_004350_GpuCWT_c16384_f116,3,init:other,29.2716
20260827_004350_GpuCWT_c16384_f116,3,init:cuda,278.3732
20260827_004350_GpuCWT_c16384_f116,3,init:audio_reader,0.1378
20260827_004350_GpuCWT_c16384_f116,3,init:audio_player,33.7508
20260827_004350_GpuCWT_c16384_f116,3,init:dsp_kernels,88.1633
20260827_004350_GpuCWT_c16384_f116,3,init:dsp_fft,19.9817
20260827_004350_GpuCWT_c16384_f116,3,init:dsp_upload,98.4678
20260827_004350_GpuCWT_c16384_f116,3,init:render_buffer,0.1084
20260827_004350_GpuCWT_c16384_f116,3,init:render_glcontext,51.5129
20260827_004350_GpuCWT_c16384_f116,3,init:render_shader,3.2681
20260827_004350_GpuCWT_c16384_f116,4,init:audio,40.7212
20260827_004350_GpuCWT_c16384_f116,4,init:dsp,205.3798
20260827_004350_GpuCWT_c16384_f116,4,init:renderer,55.1255
20260827_004350_GpuCWT_c16384_f116,4,init:prescan,102.2636
20260827_004350_GpuCWT_c16384_f116,4,init:prime,12.2565
20260827_004350_GpuCWT_c16384_f116,4,init:other,27.1745
20260827_004350_GpuCWT_c16384_f116,4,init:cuda,282.3568
20260827_004350_GpuCWT_c16384_f116,4,init:audio_reader,0.1395
20260827_004350_GpuCWT_c16384_f116,4,init:audio_player,40.5628
20260827_004350_GpuCWT_c16384_f116,4,init:dsp_kernels,88.1586
20260827_004350_GpuCWT_c16384_f116,4,init:dsp_fft,19.7073
20260827_004350_GpuCWT_c16384_f116,4,init:dsp_upload,97.3094
20260827_004350_GpuCWT_c16384_f116,4,init:render_buffer,0.0661
20260827_004350_GpuCWT_c16384_f116,4,init:render_glcontext,51.7192
20260827_004350_GpuCWT_c16384_f116,4,init:render_shader,3.3119
20260827_004350_GpuCWT_c16384_f116,5,init:audio,91.0014
20260827_004350_GpuCWT_c16384_f116,5,init:dsp,222.8282
20260827_004350_GpuCWT_c16384_f116,5,init:renderer,72.7078
20260827_004350_GpuCWT_c16384_f116,5,init:prescan,100.7314
20260827_004350_GpuCWT_c16384_f116,5,init:prime,11.7193
20260827_004350_GpuCWT_c16384_f116,5,init:other,29.5606
20260827_004350_GpuCWT_c16384_f116,5,init:cuda,278.4661
20260827_004350_GpuCWT_c16384_f116,5,init:audio_reader,0.1463
20260827_004350_GpuCWT_c16384_f116,5,init:audio_player,90.8376
20260827_004350_GpuCWT_c16384_f116,5,init:dsp_kernels,101.15
20260827_004350_GpuCWT_c16384_f116,5,init:dsp_fft,20.3993
20260827_004350_GpuCWT_c16384_f116,5,init:dsp_upload,101.0199
20260827_004350_GpuCWT_c16384_f116,5,init:render_buffer,0.1707
20260827_004350_GpuCWT_c16384_f116,5,init:render_glcontext,69.1011
20260827_004350_GpuCWT_c16384_f116,5,init:render_shader,3.4038
20260827_004350_GpuCWT_c16384_f116,6,init:audio,89.963
20260827_004350_GpuCWT_c16384_f116,6,init:dsp,220.1514
20260827_004350_GpuCWT_c16384_f116,6,init:renderer,78.9571
20260827_004350_GpuCWT_c16384_f116,6,init:prescan,101.4399
20260827_004350_GpuCWT_c16384_f116,6,init:prime,11.7928
20260827_004350_GpuCWT_c16384_f116,6,init:other,30.2967
20260827_004350_GpuCWT_c16384_f116,6,init:cuda,283.3858
20260827_004350_GpuCWT_c16384_f116,6,init:audio_reader,0.1685
20260827_004350_GpuCWT_c16384_f116,6,init:audio_player,89.7733
20260827_004350_GpuCWT_c16384_f116,6,init:dsp_kernels,94.7541
20260827_004350_GpuCWT_c16384_f116,6,init:dsp_fft,20.2765
20260827_004350_GpuCWT_c16384_f116,6,init:dsp_upload,104.9048
20260827_004350_GpuCWT_c16384_f116,6,init:render_buffer,0.1843
20260827_004350_GpuCWT_c16384_f116,6,init:render_glcontext,72.8788
20260827_004350_GpuCWT_c16384_f116,6,init:render_shader,5.8607
20260827_004350_GpuCWT_c16384_f116,7,init:audio,29.0018
20260827_004350_GpuCWT_c16384_f116,7,init:dsp,235.0643
20260827_004350_GpuCWT_c16384_f116,7,init:renderer,84.9687
20260827_004350_GpuCWT_c16384_f116,7,init:prescan,109.2993
20260827_004350_GpuCWT_c16384_f116,7,init:prime,12.9645
20260827_004350_GpuCWT_c16384_f116,7,init:other,29.5932
20260827_004350_GpuCWT_c16384_f116,7,init:cuda,296.4815
20260827_004350_GpuCWT_c16384_f116,7,init:audio_reader,0.1708
20260827_004350_GpuCWT_c16384_f116,7,init:audio_player,28.8124
20260827_004350_GpuCWT_c16384_f116,7,init:dsp_kernels,95.748
20260827_004350_GpuCWT_c16384_f116,7,init:dsp_fft,28.0937
20260827_004350_GpuCWT_c16384_f116,7,init:dsp_upload,111.0151
20260827_004350_GpuCWT_c16384_f116,7,init:render_buffer,0.1911
20260827_004350_GpuCWT_c16384_f116,7,init:render_glcontext,76.907
20260827_004350_GpuCWT_c16384_f116,7,init:render_shader,7.8372
20260827_004350_GpuCWT_c16384_f116,8,init:audio,55.8357
20260827_004350_GpuCWT_c16384_f116,8,init:dsp,212.1192
20260827_004350_GpuCWT_c16384_f116,8,init:renderer,55.0835
20260827_004350_GpuCWT_c16384_f116,8,init:prescan,125.6084
20260827_004350_GpuCWT_c16384_f116,8,init:prime,12.9563
20260827_004350_GpuCWT_c16384_f116,8,init:other,28.0971
20260827_004350_GpuCWT_c16384_f116,8,init:cuda,279.9441
20260827_004350_GpuCWT_c16384_f116,8,init:audio_reader,0.2546
20260827_004350_GpuCWT_c16384_f116,8,init:audio_player,55.5617
20260827_004350_GpuCWT_c16384_f116,8,init:dsp_kernels,87.4248
20260827_004350_GpuCWT_c16384_f116,8,init:dsp_fft,19.873
20260827_004350_GpuCWT_c16384_f116,8,init:dsp_upload,104.6192
20260827_004350_GpuCWT_c16384_f116,8,init:render_buffer,0.0721
20260827_004350_GpuCWT_c16384_f116,8,init:render_glcontext,50.9374
20260827_004350_GpuCWT_c16384_f116,8,init:render_shader,4.0412
20260827_004350_GpuCWT_c16384_f116,9,init:audio,57.6847
20260827_004350_GpuCWT_c16384_f116,9,init:dsp,205.0719
20260827_004350_GpuCWT_c16384_f116,9,init:renderer,57.6398
20260827_004350_GpuCWT_c16384_f116,9,init:prescan,99.443
20260827_004350_GpuCWT_c16384_f116,9,init:prime,12.1842
20260827_004350_GpuCWT_c16384_f116,9,init:other,27.7079
20260827_004350_GpuCWT_c16384_f116,9,init:cuda,282.6505
20260827_004350_GpuCWT_c16384_f116,9,init:audio_reader,0.1355
20260827_004350_GpuCWT_c16384_f116,9,init:audio_player,57.5298
20260827_004350_GpuCWT_c16384_f116,9,init:dsp_kernels,87.8324
20260827_004350_GpuCWT_c16384_f116,9,init:dsp_fft,20.1224
20260827_004350_GpuCWT_c16384_f116,9,init:dsp_upload,96.9151
20260827_004350_GpuCWT_c16384_f116,9,init:render_buffer,0.1071
20260827_004350_GpuCWT_c16384_f116,9,init:render_glcontext,53.6361
20260827_004350_GpuCWT_c16384_f116,9,init:render_shader,3.8614
20260827_004350_GpuCWT_c16384_f116,10,init:audio,89.2017
20260827_004350_GpuCWT_c16384_f116,10,init:dsp,217.8951
20260827_004350_GpuCWT_c16384_f116,10,init:renderer,80.0987
20260827_004350_GpuCWT_c16384_f116,10,init:prescan,101.4975
20260827_004350_GpuCWT_c16384_f116,10,init:prime,11.9056
20260827_004350_GpuCWT_c16384_f116,10,init:other,29.5416
20260827_004350_GpuCWT_c16384_f116,10,init:cuda,280.9514
20260827_004350_GpuCWT_c16384_f116,10,init:audio_reader,0.1777
20260827_004350_GpuCWT_c16384_f116,10,init:audio_player,89.0034
20260827_004350_GpuCWT_c16384_f116,10,init:dsp_kernels,92.8371
20260827_004350_GpuCWT_c16384_f116,10,init:dsp_fft,20.3031
20260827_004350_GpuCWT_c16384_f116,10,init:dsp_upload,104.5449
20260827_004350_GpuCWT_c16384_f116,10,init:render_buffer,0.1889
20260827_004350_GpuCWT_c16384_f116,10,init:render_glcontext,74.4463
20260827_004350_GpuCWT_c16384_f116,10,init:render_shader,5.4331
20260827_004350_GpuCWT_c16384_f116,11,init:audio,90.2192
20260827_004350_GpuCWT_c16384_f116,11,init:dsp,225.1139
20260827_004350_GpuCWT_c16384_f116,11,init:renderer,76.9101
20260827_004350_GpuCWT_c16384_f116,11,init:prescan,102.097
20260827_004350_GpuCWT_c16384_f116,11,init:prime,11.8775
20260827_004350_GpuCWT_c16384_f116,11,init:other,30.5223
20260827_004350_GpuCWT_c16384_f116,11,init:cuda,283.4519
20260827_004350_GpuCWT_c16384_f116,11,init:audio_reader,0.1408
20260827_004350_GpuCWT_c16384_f116,11,init:audio_player,90.0593
20260827_004350_GpuCWT_c16384_f116,11,init:dsp_kernels,92.4496
20260827_004350_GpuCWT_c16384_f116,11,init:dsp_fft,20.2068
20260827_004350_GpuCWT_c16384_f116,11,init:dsp_upload,112.2435
20260827_004350_GpuCWT_c16384_f116,11,init:render_buffer,0.1853
20260827_004350_GpuCWT_c16384_f116,11,init:render_glcontext,71.1199
20260827_004350_GpuCWT_c16384_f116,11,init:render_shader,5.5738
20260828_213901_GpuCWT_c16384_f116,0,init:audio,89.4009
20260828_213901_GpuCWT_c16384_f116,0,init:dsp,240.3427
20260828_213901_GpuCWT_c16384_f116,0,init:renderer,62.814
20260828_213901_GpuCWT_c16384_f116,0,init:prescan,78.2858
20260828_213901_GpuCWT_c16384_f116,0,init:prime,9.9064
20260828_213901_GpuCWT_c16384_f116,0,init:other,29.6533
20260828_213901_GpuCWT_c16384_f116,0,init:cuda,281.6808
20260828_213901_GpuCWT_c16384_f116,0,init:audio_reader,0.1638
20260828_213901_GpuCWT_c16384_f116,0,init:audio_player,89.2164
20260828_213901_GpuCWT_c16384_f116,0,init:dsp_kernels,106.3259
20260828_213901_GpuCWT_c16384_f116,0,init:dsp_fft,20.2393
20260828_213901_GpuCWT_c16384_f116,0,init:dsp_upload,113.5332
20260828_213901_GpuCWT_c16384_f116,0,init:render_buffer,0.1585
20260828_213901_GpuCWT_c16384_f116,0,init:render_glcontext,59.0621
20260828_213901_GpuCWT_c16384_f116,0,init:render_shader,3.5634
20260828_213901_GpuCWT_c16384_f116,1,init:audio,97.0956
20260828_213901_GpuCWT_c16384_f116,1,init:dsp,245.0501
20260828_213901_GpuCWT_c16384_f116,1,init:renderer,539.5298
20260828_213901_GpuCWT_c16384_f116,1,init:prescan,71.6678
20260828_213901_GpuCWT_c16384_f116,1,init:prime,9.6979
20260828_213901_GpuCWT_c16384_f116,1,init:other,29.3396
20260828_213901_GpuCWT_c16384_f116,1,init:cuda,286.8028
20260828_213901_GpuCWT_c16384_f116,1,init:audio_reader,0.1461
20260828_213901_GpuCWT_c16384_f116,1,init:audio_player,96.9286
20260828_213901_GpuCWT_c16384_f116,1,init:dsp_kernels,108.6675
20260828_213901_GpuCWT_c16384_f116,1,init:dsp_fft,20.6107
20260828_213901_GpuCWT_c16384_f116,1,init:dsp_upload,115.5468
20260828_213901_GpuCWT_c16384_f116,1,init:render_buffer,0.3293
20260828_213901_GpuCWT_c16384_f116,1,init:render_glcontext,535.6026
20260828_213901_GpuCWT_c16384_f116,1,init:render_shader,3.5544
20260828_213901_GpuCWT_c16384_f116,2,init:audio,90.8432
20260828_213901_GpuCWT_c16384_f116,2,init:dsp,235.5318
20260828_213901_GpuCWT_c16384_f116,2,init:renderer,590.5926
20260828_213901_GpuCWT_c16384_f116,2,init:prescan,72.4848
20260828_213901_GpuCWT_c16384_f116,2,init:prime,10.85
20260828_213901_GpuCWT_c16384_f116,2,init:other,29.4088
20260828_213901_GpuCWT_c16384_f116,2,init:cuda,278.7355
20260828_213901_GpuCWT_c16384_f116,2,init:audio_reader,0.1468
20260828_213901_GpuCWT_c16384_f116,2,init:audio_player,90.6786
20260828_213901_GpuCWT_c16384_f116,2,init:dsp_kernels,105.5778
20260828_213901_GpuCWT_c16384_f116,2,init:dsp_fft,19.8654
20260828_213901_GpuCWT_c16384_f116,2,init:dsp_upload,109.8739
20260828_213901_GpuCWT_c16384_f116,2,init:render_buffer,0.1898
20260828_213901_GpuCWT_c16384_f116,2,init:render_glcontext,586.716
20260828_213901_GpuCWT_c16384_f116,2,init:render_shader,3.6519
20260828_213901_GpuCWT_c16384_f116,3,init:audio,90.2219
20260828_213901_GpuCWT_c16384_f116,3,init:dsp,224.6637
20260828_213901_GpuCWT_c16384_f116,3,init:renderer,592.5067
20260828_213901_GpuCWT_c16384_f116,3,init:prescan,72.3308
20260828_213901_GpuCWT_c16384_f116,3,init:prime,10.2424
20260828_213901_GpuCWT_c16384_f116,3,init:other,29.5372
20260828_213901_GpuCWT_c16384_f116,3,init:cuda,278.8005
20260828_213901_GpuCWT_c16384_f116,3,init:audio_reader,0.1369
20260828_213901_GpuCWT_c16384_f116,3,init:audio_player,90.0613
20260828_213901_GpuCWT_c16384_f116,3,init:dsp_kernels,102.1195
20260828_213901_GpuCWT_c16384_f116,3,init:dsp_fft,19.7755
20260828_213901_GpuCWT_c16384_f116,3,init:dsp_upload,102.5655
20260828_213901_GpuCWT_c16384_f116,3,init:render_buffer,0.2015
20260828_213901_GpuCWT_c16384_f116,3,init:render_glcontext,587.3028
20260828_213901_GpuCWT_c16384_f116,3,init:render_shader,4.9706
20260828_213901_GpuCWT_c16384_f116,4,init:audio,90.7483
20260828_213901_GpuCWT_c16384_f116,4,init:dsp,227.6964
20260828_213901_GpuCWT_c16384_f116,4,init:renderer,603.7604
20260828_213901_GpuCWT_c16384_f116,4,init:prescan,70.8645
20260828_213901_GpuCWT_c16384_f116,4,init:prime,9.5863
20260828_213901_GpuCWT_c16384_f116,4,init:other,29.0434
20260828_213901_GpuCWT_c16384_f116,4,init:cuda,276.587
20260828_213901_GpuCWT_c16384_f116,4,init:audio_reader,0.1397
20260828_213901_GpuCWT_c16384_f116,4,init:audio_player,90.5906
20260828_213901_GpuCWT_c16384_f116,4,init:dsp_kernels,99.5623
20260828_213901_GpuCWT_c16384_f116,4,init:dsp_fft,20.5448
20260828_213901_GpuCWT_c16384_f116,4,init:dsp_upload,107.3756
20260828_213901_GpuCWT_c16384_f116,4,init:render_buffer,0.1512
20260828_213901_GpuCWT_c16384_f116,4,init:render_glcontext,597.6468
20260828_213901_GpuCWT_c16384_f116,4,init:render_shader,5.9312
20260828_213901_GpuCWT_c16384_f116,5,init:audio,90.6003
20260828_213901_GpuCWT_c16384_f116,5,init:dsp,218.4695
20260828_213901_GpuCWT_c16384_f116,5,init:renderer,605.0446
20260828_213901_GpuCWT_c16384_f116,5,init:prescan,71.4949
20260828_213901_GpuCWT_c16384_f116,5,init:prime,10.9146
20260828_213901_GpuCWT_c16384_f116,5,init:other,28.9871
20260828_213901_GpuCWT_c16384_f116,5,init:cuda,285.7307
20260828_213901_GpuCWT_c16384_f116,5,init:audio_reader,0.1477
20260828_213901_GpuCWT_c16384_f116,5,init:audio_player,90.4314
20260828_213901_GpuCWT_c16384_f116,5,init:dsp_kernels,90.6855
20260828_213901_GpuCWT_c16384_f116,5,init:dsp_fft,20.1946
20260828_213901_GpuCWT_c16384_f116,5,init:dsp_upload,107.3714
20260828_213901_GpuCWT_c16384_f116,5,init:render_buffer,0.1885
20260828_213901_GpuCWT_c16384_f116,5,init:render_glcontext,597.9154
20260828_213901_GpuCWT_c16384_f116,5,init:render_shader,6.9109
20260828_213901_GpuCWT_c16384_f116,6,init:audio,98.4181
20260828_213901_GpuCWT_c16384_f116,6,init:dsp,218.556
20260828_213901_GpuCWT_c16384_f116,6,init:renderer,608.4977
20260828_213901_GpuCWT_c16384_f116,6,init:prescan,76.8518
20260828_213901_GpuCWT_c16384_f116,6,init:prime,14.1619
20260828_213901_GpuCWT_c16384_f116,6,init:other,29.5926
20260828_213901_GpuCWT_c16384_f116,6,init:cuda,281.2741
20260828_213901_GpuCWT_c16384_f116,6,init:audio_reader,0.155
20260828_213901_GpuCWT_c16384_f116,6,init:audio_player,98.2452
20260828_213901_GpuCWT_c16384_f116,6,init:dsp_kernels,90.1757
20260828_213901_GpuCWT_c16384_f116,6,init:dsp_fft,20.0142
20260828_213901_GpuCWT_c16384_f116,6,init:dsp_upload,108.1654
20260828_213901_GpuCWT_c16384_f116,6,init:render_buffer,0.2141
20260828_213901_GpuCWT_c16384_f116,6,init:render_glcontext,601.3578
20260828_213901_GpuCWT_c16384_f116,6,init:render_shader,6.894
20260828_213901_GpuCWT_c16384_f116,7,init:audio,100.6831
20260828_213901_GpuCWT_c16384_f116,7,init:dsp,218.9243
20260828_213901_GpuCWT_c16384_f116,7,init:renderer,598.1436
20260828_213901_GpuCWT_c16384_f116,7,init:prescan,68.7993
20260828_213901_GpuCWT_c16384_f116,7,init:prime,9.6558
20260828_213901_GpuCWT_c16384_f116,7,init:other,27.0397
20260828_213901_GpuCWT_c16384_f116,7,init:cuda,274.8267
20260828_213901_GpuCWT_c16384_f116,7,init:audio_reader,0.1609
20260828_213901_GpuCWT_c16384_f116,7,init:audio_player,100.5029
20260828_213901_GpuCWT_c16384_f116,7,init:dsp_kernels,94.5347
20260828_213901_GpuCWT_c16384_f116,7,init:dsp_fft,19.7182
20260828_213901_GpuCWT_c16384_f116,7,init:dsp_upload,104.469
20260828_213901_GpuCWT_c16384_f116,7,init:render_buffer,0.0708
20260828_213901_GpuCWT_c16384_f116,7,init:render_glcontext,592.3113
20260828_213901_GpuCWT_c16384_f116,7,init:render_shader,5.7337
20260828_213901_GpuCWT_c16384_f116,8,init:audio,100.9402
20260828_213901_GpuCWT_c16384_f116,8,init:dsp,212.3013
20260828_213901_GpuCWT_c16384_f116,8,init:renderer,1607.5512
20260828_213901_GpuCWT_c16384_f116,8,init:prescan,79.0493
20260828_213901_GpuCWT_c16384_f116,8,init:prime,13.7786
20260828_213901_GpuCWT_c16384_f116,8,init:other,26.9238
20260828_213901_GpuCWT_c16384_f116,8,init:cuda,280.4994
20260828_213901_GpuCWT_c16384_f116,8,init:audio_reader,0.1485
20260828_213901_GpuCWT_c16384_f116,8,init:audio_player,100.7743
20260828_213901_GpuCWT_c16384_f116,8,init:dsp_kernels,92.7346
20260828_213901_GpuCWT_c16384_f116,8,init:dsp_fft,19.892
20260828_213901_GpuCWT_c16384_f116,8,init:dsp_upload,99.4703
20260828_213901_GpuCWT_c16384_f116,8,init:render_buffer,0.1017
20260828_213901_GpuCWT_c16384_f116,8,init:render_glcontext,1599.4001
20260828_213901_GpuCWT_c16384_f116,8,init:render_shader,8.0127
20260828_213901_GpuCWT_c16384_f116,9,init:audio,61.1431
20260828_213901_GpuCWT_c16384_f116,9,init:dsp,213.3247
20260828_213901_GpuCWT_c16384_f116,9,init:renderer,679.9316
20260828_213901_GpuCWT_c16384_f116,9,init:prescan,69.482
20260828_213901_GpuCWT_c16384_f116,9,init:prime,11.9937
20260828_213901_GpuCWT_c16384_f116,9,init:other,27.4463
20260828_213901_GpuCWT_c16384_f116,9,init:cuda,279.1064
20260828_213901_GpuCWT_c16384_f116,9,init:audio_reader,0.1758
20260828_213901_GpuCWT_c16384_f116,9,init:audio_player,60.946
20260828_213901_GpuCWT_c16384_f116,9,init:dsp_kernels,90.2822
20260828_213901_GpuCWT_c16384_f116,9,init:dsp_fft,19.9741
20260828_213901_GpuCWT_c16384_f116,9,init:dsp_upload,102.8374
20260828_213901_GpuCWT_c16384_f116,9,init:render_buffer,0.0716
20260828_213901_GpuCWT_c16384_f116,9,init:render_glcontext,671.9887
20260828_213901_GpuCWT_c16384_f116,9,init:render_shader,7.8417
20260828_213901_GpuCWT_c16384_f116,10,init:audio,63.5816
20260828_213901_GpuCWT_c16384_f116,10,init:dsp,210.4524
20260828_213901_GpuCWT_c16384_f116,10,init:renderer,697.4769
20260828_213901_GpuCWT_c16384_f116,10,init:prescan,71.7235
20260828_213901_GpuCWT_c16384_f116,10,init:prime,10.6637
20260828_213901_GpuCWT_c16384_f116,10,init:other,27.3042
20260828_213901_GpuCWT_c16384_f116,10,init:cuda,275.7762
20260828_213901_GpuCWT_c16384_f116,10,init:audio_reader,0.1348
20260828_213901_GpuCWT_c16384_f116,10,init:audio_player,63.4284
20260828_213901_GpuCWT_c16384_f116,10,init:dsp_kernels,89.9332
20260828_213901_GpuCWT_c16384_f116,10,init:dsp_fft,19.9008
20260828_213901_GpuCWT_c16384_f116,10,init:dsp_upload,100.4106
20260828_213901_GpuCWT_c16384_f116,10,init:render_buffer,0.0713
20260828_213901_GpuCWT_c16384_f116,10,init:render_glcontext,689.7665
20260828_213901_GpuCWT_c16384_f116,10,init:render_shader,7.6084
20260828_213901_GpuCWT_c16384_f116,11,init:audio,62.3388
20260828_213901_GpuCWT_c16384_f116,11,init:dsp,210.5339
20260828_213901_GpuCWT_c16384_f116,11,init:renderer,691.3163
20260828_213901_GpuCWT_c16384_f116,11,init:prescan,72.6088
20260828_213901_GpuCWT_c16384_f116,11,init:prime,10.7062
20260828_213901_GpuCWT_c16384_f116,11,init:other,27.158
20260828_213901_GpuCWT_c16384_f116,11,init:cuda,276.5094
20260828_213901_GpuCWT_c16384_f116,11,init:audio_reader,0.1334
20260828_213901_GpuCWT_c16384_f116,11,init:audio_player,62.189
20260828_213901_GpuCWT_c16384_f116,11,init:dsp_kernels,88.7167
20260828_213901_GpuCWT_c16384_f116,11,init:dsp_fft,20.0647
20260828_213901_GpuCWT_c16384_f116,11,init:dsp_upload,101.5447
20260828_213901_GpuCWT_c16384_f116,11,init:render_buffer,0.0822
20260828_213901_GpuCWT_c16384_f116,11,init:render_glcontext,683.2739
20260828_213901_GpuCWT_c16384_f116,11,init:render_shader,7.9283
20260830_183812_GpuCWT_c16384_f116,0,init:audio,123.4603
20260830_183812_GpuCWT_c16384_f116,0,init:dsp,239.8329
20260830_183812_GpuCWT_c16384_f116,0,init:renderer,260.3773
20260830_183812_GpuCWT_c16384_f116,0,init:prescan,144.2274
20260830_183812_GpuCWT_c16384_f116,0,init:prime,43.8171
20260830_183812_GpuCWT_c16384_f116,0,init:other,44.6184
20260830_183812_GpuCWT_c16384_f116,0,init:cuda,286.0744
20260830_183812_GpuCWT_c16384_f116,0,init:audio_reader,2.7231
20260830_183812_GpuCWT_c16384_f116,0,init:audio_player,120.7182
20260830_183812_GpuCWT_c16384_f116,0,init:dsp_kernels,98.1135
20260830_183812_GpuCWT_c16384_f116,0,init:dsp_fft,21.1453
20260830_183812_GpuCWT_c16384_f116,0,init:dsp_upload,120.3663
20260830_183812_GpuCWT_c16384_f116,0,init:render_buffer,0.0743
20260830_183812_GpuCWT_c16384_f116,0,init:render_glcontext,250.2274
20260830_183812_GpuCWT_c16384_f116,0,init:render_shader,10.0442
20260830_183812_GpuCWT_c16384_f116,1,init:audio,52.2978
20260830_183812_GpuCWT_c16384_f116,1,init:dsp,232.0105
20260830_183812_GpuCWT_c16384_f116,1,init:renderer,55.7146
20260830_183812_GpuCWT_c16384_f116,1,init:prescan,81.0241
20260830_183812_GpuCWT_c16384_f116,1,init:prime,10.5481
20260830_183812_GpuCWT_c16384_f116,1,init:other,28.1203
20260830_183812_GpuCWT_c16384_f116,1,init:cuda,287.8554
20260830_183812_GpuCWT_c16384_f116,1,init:audio_reader,0.1355
20260830_183812_GpuCWT_c16384_f116,1,init:audio_player,52.1437
20260830_183812_GpuCWT_c16384_f116,1,init:dsp_kernels,101.782
20260830_183812_GpuCWT_c16384_f116,1,init:dsp_fft,19.9252
20260830_183812_GpuCWT_c16384_f116,1,init:dsp_upload,110.0688
20260830_183812_GpuCWT_c16384_f116,1,init:render_buffer,0.0731
20260830_183812_GpuCWT_c16384_f116,1,init:render_glcontext,52.1112
20260830_183812_GpuCWT_c16384_f116,1,init:render_shader,3.4958
20260830_183812_GpuCWT_c16384_f116,2,init:audio,43.9678
20260830_183812_GpuCWT_c16384_f116,2,init:dsp,261.2317
20260830_183812_GpuCWT_c16384_f116,2,init:renderer,113.0124
20260830_183812_GpuCWT_c16384_f116,2,init:prescan,127.4808
20260830_183812_GpuCWT_c16384_f116,2,init:prime,23.3936
20260830_183812_GpuCWT_c16384_f116,2,init:other,34.8046
20260830_183812_GpuCWT_c16384_f116,2,init:cuda,277.4516
20260830_183812_GpuCWT_c16384_f116,2,init:audio_reader,0.1474
20260830_183812_GpuCWT_c16384_f116,2,init:audio_player,43.8027
20260830_183812_GpuCWT_c16384_f116,2,init:dsp_kernels,101.2777
20260830_183812_GpuCWT_c16384_f116,2,init:dsp_fft,22.5868
20260830_183812_GpuCWT_c16384_f116,2,init:dsp_upload,136.8199
20260830_183812_GpuCWT_c16384_f116,2,init:render_buffer,0.2084
20260830_183812_GpuCWT_c16384_f116,2,init:render_glcontext,103.1127
20260830_183812_GpuCWT_c16384_f116,2,init:render_shader,9.654
20260830_183812_GpuCWT_c16384_f116,3,init:audio,146.8573
20260830_183812_GpuCWT_c16384_f116,3,init:dsp,216.6064
20260830_183812_GpuCWT_c16384_f116,3,init:renderer,78.7054
20260830_183812_GpuCWT_c16384_f116,3,init:prescan,95.1417
20260830_183812_GpuCWT_c16384_f116,3,init:prime,15.454
20260830_183812_GpuCWT_c16384_f116,3,init:other,29.8368
20260830_183812_GpuCWT_c16384_f116,3,init:cuda,284.9528
20260830_183812_GpuCWT_c16384_f116,3,init:audio_reader,0.5273
20260830_183812_GpuCWT_c16384_f116,3,init:audio_player,146.3084
20260830_183812_GpuCWT_c16384_f116,3,init:dsp_kernels,96.3687
20260830_183812_GpuCWT_c16384_f116,3,init:dsp_fft,28.7277
20260830_183812_GpuCWT_c16384_f116,3,init:dsp_upload,91.3127
20260830_183812_GpuCWT_c16384_f116,3,init:render_buffer,0.1613
20260830_183812_GpuCWT_c16384_f116,3,init:render_glcontext,69.9482
20260830_183812_GpuCWT_c16384_f116,3,init:render_shader,8.5541
20260830_183812_GpuCWT_c16384_f116,4,init:audio,65.3504
20260830_183812_GpuCWT_c16384_f116,4,init:dsp,212.9837
20260830_183812_GpuCWT_c16384_f116,4,init:renderer,56.7486
20260830_183812_GpuCWT_c16384_f116,4,init:prescan,77.9851
20260830_183812_GpuCWT_c16384_f116,4,init:prime,11.4026
20260830_183812_GpuCWT_c16384_f116,4,init:other,27.5138
20260830_183812_GpuCWT_c16384_f116,4,init:cuda,283.4388
20260830_183812_GpuCWT_c16384_f116,4,init:audio_reader,0.1406
20260830_183812_GpuCWT_c16384_f116,4,init:audio_player,65.1919
20260830_183812_GpuCWT_c16384_f116,4,init:dsp_kernels,91.2609
20260830_183812_GpuCWT_c16384_f116,4,init:dsp_fft,20.4296
20260830_183812_GpuCWT_c16384_f116,4,init:dsp_upload,101.0614
20260830_183812_GpuCWT_c16384_f116,4,init:render_buffer,0.1115
20260830_183812_GpuCWT_c16384_f116,4,init:render_glcontext,53.1458
20260830_183812_GpuCWT_c16384_f116,4,init:render_shader,3.4527
20260830_183812_GpuCWT_c16384_f116,5,init:audio,66.6641
20260830_183812_GpuCWT_c16384_f116,5,init:dsp,199.2224
20260830_183812_GpuCWT_c16384_f116,5,init:renderer,61.4659
20260830_183812_GpuCWT_c16384_f116,5,init:prescan,77.4356
20260830_183812_GpuCWT_c16384_f116,5,init:prime,10.1286
20260830_183812_GpuCWT_c16384_f116,5,init:other,27.7799
20260830_183812_GpuCWT_c16384_f116,5,init:cuda,283.1202
20260830_183812_GpuCWT_c16384_f116,5,init:audio_reader,0.1463
20260830_183812_GpuCWT_c16384_f116,5,init:audio_player,66.4958
20260830_183812_GpuCWT_c16384_f116,5,init:dsp_kernels,88.8123
20260830_183812_GpuCWT_c16384_f116,5,init:dsp_fft,20.1293
20260830_183812_GpuCWT_c16384_f116,5,init:dsp_upload,90.0771
20260830_183812_GpuCWT_c16384_f116,5,init:render_buffer,0.0724
20260830_183812_GpuCWT_c16384_f116,5,init:render_glcontext,56.6926
20260830_183812_GpuCWT_c16384_f116,5,init:render_shader,4.6716
20260830_183812_GpuCWT_c16384_f116,6,init:audio,91.4008
20260830_183812_GpuCWT_c16384_f116,6,init:dsp,216.847
20260830_183812_GpuCWT_c16384_f116,6,init:renderer,77.9607
20260830_183812_GpuCWT_c16384_f116,6,init:prescan,80.9722
20260830_183812_GpuCWT_c16384_f116,6,init:prime,11.0644
20260830_183812_GpuCWT_c16384_f116,6,init:other,28.678
20260830_183812_GpuCWT_c16384_f116,6,init:cuda,283.7766
20260830_183812_GpuCWT_c16384_f116,6,init:audio_reader,0.1432
20260830_183812_GpuCWT_c16384_f116,6,init:audio_player,91.2388
20260830_183812_GpuCWT_c16384_f116,6,init:dsp_kernels,89.3848
20260830_183812_GpuCWT_c16384_f116,6,init:dsp_fft,20.007
20260830_183812_GpuCWT_c16384_f116,6,init:dsp_upload,107.2566
20260830_183812_GpuCWT_c16384_f116,6,init:render_buffer,0.0753
20260830_183812_GpuCWT_c16384_f116,6,init:render_glcontext,69.5874
20260830_183812_GpuCWT_c16384_f116,6,init:render_shader,8.263
20260830_183812_GpuCWT_c16384_f116,7,init:audio,90.8284
20260830_183812_GpuCWT_c16384_f116,7,init:dsp,220.5525
20260830_183812_GpuCWT_c16384_f116,7,init:renderer,75.9673
20260830_183812_GpuCWT_c16384_f116,7,init:prescan,82.055
20260830_183812_GpuCWT_c16384_f116,7,init:prime,11.2591
20260830_183812_GpuCWT_c16384_f116,7,init:other,27.5459
20260830_183812_GpuCWT_c16384_f116,7,init:cuda,278.799
20260830_183812_GpuCWT_c16384_f116,7,init:audio_reader,0.1796
20260830_183812_GpuCWT_c16384_f116,7,init:audio_player,90.6291
20260830_183812_GpuCWT_c16384_f116,7,init:dsp_kernels,89.1072
20260830_183812_GpuCWT_c16384_f116,7,init:dsp_fft,19.9493
20260830_183812_GpuCWT_c16384_f116,7,init:dsp_upload,111.2963
20260830_183812_GpuCWT_c16384_f116,7,init:render_buffer,0.1204
20260830_183812_GpuCWT_c16384_f116,7,init:render_glcontext,68.2335
20260830_183812_GpuCWT_c16384_f116,7,init:render_shader,7.5756
20260830_183812_GpuCWT_c16384_f116,8,init:audio,28.9406
20260830_183812_GpuCWT_c16384_f116,8,init:dsp,231.5462
20260830_183812_GpuCWT_c16384_f116,8,init:renderer,85.7902
20260830_183812_GpuCWT_c16384_f116,8,init:prescan,80.6199
20260830_183812_GpuCWT_c16384_f116,8,init:prime,10.9324
20260830_183812_GpuCWT_c16384_f116,8,init:other,28.6057
20260830_183812_GpuCWT_c16384_f116,8,init:cuda,288.7978
20260830_183812_GpuCWT_c16384_f116,8,init:audio_reader,0.1407
20260830_183812_GpuCWT_c16384_f116,8,init:audio_player,28.7777
20260830_183812_GpuCWT_c16384_f116,8,init:dsp_kernels,91.1722
20260830_183812_GpuCWT_c16384_f116,8,init:dsp_fft,25.3131
20260830_183812_GpuCWT_c16384_f116,8,init:dsp_upload,114.8342
20260830_183812_GpuCWT_c16384_f116,8,init:render_buffer,0.0768
20260830_183812_GpuCWT_c16384_f116,8,init:render_glcontext,78.0043
20260830_183812_GpuCWT_c16384_f116,8,init:render_shader,7.6788
20260830_183812_GpuCWT_c16384_f116,9,init:audio,65.2576
20260830_183812_GpuCWT_c16384_f116,9,init:dsp,191.0573
20260830_183812_GpuCWT_c16384_f116,9,init:renderer,56.4721
20260830_183812_GpuCWT_c16384_f116,9,init:prescan,88.7751
20260830_183812_GpuCWT_c16384_f116,9,init:prime,10.6471
20260830_183812_GpuCWT_c16384_f116,9,init:other,27.9317
20260830_183812_GpuCWT_c16384_f116,9,init:cuda,241.2915
20260830_183812_GpuCWT_c16384_f116,9,init:audio_reader,0.1346
20260830_183812_GpuCWT_c16384_f116,9,init:audio_player,65.1057
20260830_183812_GpuCWT_c16384_f116,9,init:dsp_kernels,88.2013
20260830_183812_GpuCWT_c16384_f116,9,init:dsp_fft,19.9608
20260830_183812_GpuCWT_c16384_f116,9,init:dsp_upload,82.6721
20260830_183812_GpuCWT_c16384_f116,9,init:render_buffer,0.0751
20260830_183812_GpuCWT_c16384_f116,9,init:render_glcontext,52.8291
20260830_183812_GpuCWT_c16384_f116,9,init:render_shader,3.5391
20260830_183812_GpuCWT_c16384_f116,10,init:audio,64.6961
20260830_183812_GpuCWT_c16384_f116,10,init:dsp,210.936
20260830_183812_GpuCWT_c16384_f116,10,init:renderer,57.1
20260830_183812_GpuCWT_c16384_f116,10,init:prescan,77.6662
20260830_183812_GpuCWT_c16384_f116,10,init:prime,9.7537
20260830_183812_GpuCWT_c16384_f116,10,init:other,28.4174
20260830_183812_GpuCWT_c16384_f116,10,init:cuda,249.2223
20260830_183812_GpuCWT_c16384_f116,10,init:audio_reader,0.1438
20260830_183812_GpuCWT_c16384_f116,10,init:audio_player,64.5289
20260830_183812_GpuCWT_c16384_f116,10,init:dsp_kernels,89.1911
20260830_183812_GpuCWT_c16384_f116,10,init:dsp_fft,20.0364
20260830_183812_GpuCWT_c16384_f116,10,init:dsp_upload,101.4763
20260830_183812_GpuCWT_c16384_f116,10,init:render_buffer,0.0761
20260830_183812_GpuCWT_c16384_f116,10,init:render_glcontext,53.674
20260830_183812_GpuCWT_c16384_f116,10,init:render_shader,3.3181
20260830_183812_GpuCWT_c16384_f116,11,init:audio,90.9554
20260830_183812_GpuCWT_c16384_f116,11,init:dsp,216.2234
20260830_183812_GpuCWT_c16384_f116,11,init:renderer,73.3005
20260830_183812_GpuCWT_c16384_f116,11,init:prescan,80.5018
20260830_183812_GpuCWT_c16384_f116,11,init:prime,10.1583
20260830_183812_GpuCWT_c16384_f116,11,init:other,29.1003
20260830_183812_GpuCWT_c16384_f116,11,init:cuda,275.2013
20260830_183812_GpuCWT_c16384_f116,11,init:audio_reader,0.1374
20260830_183812_GpuCWT_c16384_f116,11,init:audio_player,90.7977
20260830_183812_GpuCWT_c16384_f116,11,init:dsp_kernels,90.8924
20260830_183812_GpuCWT_c16384_f116,11,init:dsp_fft,21.4315
20260830_183812_GpuCWT_c16384_f116,11,init:dsp_upload,103.6956
20260830_183812_GpuCWT_c16384_f116,11,init:render_buffer,0.115
20260830_183812_GpuCWT_c16384_f116,11,init:render_glcontext,65.1337
20260830_183812_GpuCWT_c16384_f116,11,init:render_shader,8.0208
